id,Nombre,Apellidos,Email,Gender,Direccion,Edad,Carrera,Sueldo,Idioma
1,Hildegaard,Epple,hepple0@adobe.com,Female,,1,Marketing,$2.43,Belarusian
2,Yettie,Kelle,ykelle1@cisco.com,Polygender,Corse,2,Accounting,$8.62,Tamil
3,Elijah,Kidson,ekidson2@sogou.com,Male,Oslo,3,Legal,$3.88,Swahili
4,Francisca,Lodovichi,flodovichi3@opera.com,Female,,4,Product Management,$0.58,Somali
5,Georgiana,Luxmoore,gluxmoore4@salon.com,Genderfluid,,5,Human Resources,$9.91,Czech
6,Meredithe,Heinle,mheinle5@nih.gov,Female,,6,Engineering,$1.49,Spanish
7,Cam,Melato,cmelato6@acquirethisname.com,Male,Viana do Castelo,7,Legal,$4.24,Swati
8,Margaretta,de Voiels,mdevoiels7@cyberchimps.com,Female,Guanajuato,8,Legal,$6.81,Nepali
9,Nelia,Julian,njulian8@ibm.com,Genderfluid,Picardie,9,Legal,$6.67,Filipino
10,Niko,Ferencz,nferencz9@vistaprint.com,Male,,10,Legal,$0.24,Aymara
11,Lowrance,Francioli,lfranciolia@xing.com,Male,,11,Support,$1.05,Hindi
12,Giacobo,McMyler,gmcmylerb@surveymonkey.com,Genderfluid,,12,Accounting,$4.26,New Zealand Sign Language
13,Janene,Riteley,jriteleyc@webnode.com,Female,,13,Sales,$8.33,Bislama
14,Danella,Braunes,dbraunesd@tripadvisor.com,Female,,14,Business Development,$5.29,Latvian
15,Madelene,Glading,mgladinge@nps.gov,Female,,15,Support,$0.83,Bengali
16,Carling,Fabri,cfabrif@sogou.com,Male,,16,Training,$5.51,Hebrew
17,Pierre,MacCorkell,pmaccorkellg@rambler.ru,Male,,17,Support,$8.02,Tamil
18,Lothario,Bunyard,lbunyardh@dot.gov,Male,,18,Legal,$6.16,Papiamento
19,Hillary,Kimberly,hkimberlyi@dagondesign.com,Male,California,19,Engineering,$0.23,Nepali
20,Keri,McCole,kmccolej@hugedomains.com,Female,,20,Support,$6.63,Macedonian
21,Kylie,Silson,ksilsonk@bbb.org,Male,,21,Product Management,$4.47,Chinese
22,Ware,Linthead,wlintheadl@nasa.gov,Genderfluid,,22,Marketing,$1.91,Belarusian
23,Stesha,Haskell,shaskellm@macromedia.com,Female,Zacatecas,23,Human Resources,$0.35,Sotho
24,Anni,Shardlow,ashardlown@mlb.com,Female,,24,Engineering,$1.00,Tok Pisin
25,Barbara,Hellin,bhellino@wix.com,Female,,25,Marketing,$5.02,Chinese
26,Demetre,Schumacher,dschumacherp@phpbb.com,Male,Guarda,26,Sales,$3.76,Sotho
27,Claus,Spurway,cspurwayq@artisteer.com,Male,,27,Human Resources,$8.36,Tok Pisin
28,Carine,Arrault,carraultr@microsoft.com,Female,,28,Marketing,$5.78,Croatian
29,Gwendolen,Kunath,gkunaths@plala.or.jp,Female,,29,Support,$9.96,Greek
30,Trisha,Lafoy,tlafoyt@state.gov,Female,,30,Business Development,$4.60,Aymara
31,Maddie,McKimmie,mmckimmieu@elpais.com,Male,,31,Product Management,$0.96,Luxembourgish
32,Marie-ann,Breadon,mbreadonv@desdev.cn,Female,,32,Human Resources,$8.17,Malay
33,Gar,Pick,gpickw@w3.org,Polygender,,33,Accounting,$8.24,Tamil
34,Elva,Duchateau,educhateaux@berkeley.edu,Female,,34,Sales,$1.28,Luxembourgish
35,Ogdon,Stabbins,ostabbinsy@storify.com,Male,,35,Marketing,$2.19,Finnish
36,Tabbi,Grzelewski,tgrzelewskiz@cdc.gov,Female,Provincie Gelderland,36,Business Development,$6.81,Malay
37,Georgeanne,Houdhury,ghoudhury10@blogtalkradio.com,Bigender,,37,Legal,$0.46,Somali
38,Lucky,Redfearn,lredfearn11@gravatar.com,Female,,38,Product Management,$4.06,Hungarian
39,Tades,Baudry,tbaudry12@barnesandnoble.com,Polygender,,39,Engineering,$0.39,Thai
40,Nan,Hariot,nhariot13@squidoo.com,Female,,40,Training,$4.34,Nepali
41,Madison,Shalders,mshalders14@princeton.edu,Male,,41,Training,$5.71,Georgian
42,Ethelbert,Wayte,ewayte15@tripod.com,Male,,42,Product Management,$5.86,Catalan
43,Charin,Keelinge,ckeelinge16@de.vu,Female,,43,Services,$5.83,Persian
44,Sibley,Bignold,sbignold17@cbslocal.com,Female,,44,Human Resources,$3.95,Kyrgyz
45,Martie,Mityushkin,mmityushkin18@icq.com,Female,,45,Product Management,$1.77,German
46,Allison,Hook,ahook19@jigsy.com,Female,,46,Training,$9.61,Estonian
47,Alexa,Sawl,asawl1a@gmpg.org,Female,,47,Support,$7.08,Bengali
48,Bev,Axton,baxton1b@google.ca,Male,,48,Engineering,$1.48,Fijian
49,Annora,Moar,amoar1c@apache.org,Female,,49,Training,$3.30,English
50,Granger,Appleton,gappleton1d@umn.edu,Male,,50,Services,$4.31,Zulu
51,Joela,Steinor,jsteinor1e@mozilla.com,Female,,51,Research and Development,$7.46,Dutch
52,Brand,Oxtarby,boxtarby1f@weebly.com,Male,,52,Engineering,$6.73,Malay
53,Donnie,Jerdon,djerdon1g@icio.us,Male,,53,Training,$6.10,Tamil
54,Hansiain,Blaxton,hblaxton1h@sfgate.com,Male,,54,Marketing,$6.36,Latvian
55,Harlen,Winson,hwinson1i@plala.or.jp,Male,,55,Services,$3.78,Bengali
56,Kahaleel,Withinshaw,kwithinshaw1j@so-net.ne.jp,Male,Södermanland,56,Human Resources,$3.79,German
57,Rodolph,Burstow,rburstow1k@joomla.org,Genderfluid,,57,Engineering,$0.00,Hindi
58,Bil,Prisley,bprisley1l@t-online.de,Male,,58,Research and Development,$7.73,Tswana
59,Katrinka,Jess,kjess1m@exblog.jp,Female,,59,Research and Development,$1.71,Assamese
60,Nicol,Dewan,ndewan1n@clickbank.net,Female,Puebla,60,Training,$9.23,Northern Sotho
61,Kathi,Thickin,kthickin1o@craigslist.org,Female,Wisconsin,61,Research and Development,$7.90,Hiri Motu
62,Shermie,Hickisson,shickisson1p@netvibes.com,Male,,62,Support,$0.24,Swahili
63,Tommie,Halsho,thalsho1q@instagram.com,Female,,63,Support,$9.93,Hungarian
64,Vergil,Readhead,vreadhead1r@spiegel.de,Male,,64,Marketing,$0.84,Icelandic
65,Rod,Lewsam,rlewsam1s@huffingtonpost.com,Genderfluid,,65,Engineering,$0.38,Amharic
66,Ailbert,Creed,acreed1t@pinterest.com,Male,,66,Services,$0.28,Swahili
67,Miguel,Varran,mvarran1u@parallels.com,Male,,67,Legal,$0.33,Swahili
68,Penrod,MacAskill,pmacaskill1v@nba.com,Male,,68,Product Management,$3.95,Assamese
69,Nobe,Glinde,nglinde1w@jiathis.com,Male,,69,Accounting,$6.73,English
70,Olav,Gook,ogook1x@cafepress.com,Male,Chihuahua,70,Legal,$7.52,Belarusian
71,Rogers,Blondell,rblondell1y@dedecms.com,Male,Tasmania,71,Human Resources,$7.59,Lithuanian
72,Elwira,Hinksen,ehinksen1z@constantcontact.com,Female,,72,Accounting,$5.13,Macedonian
73,Damien,Agius,dagius20@infoseek.co.jp,Male,,73,Engineering,$3.15,West Frisian
74,Maurizio,Saul,msaul21@geocities.jp,Male,,74,Accounting,$4.34,Latvian
75,Even,Lembcke,elembcke22@ocn.ne.jp,Male,,75,Engineering,$3.81,Afrikaans
76,Bartholemy,Coupe,bcoupe23@51.la,Bigender,,76,Engineering,$2.37,Filipino
77,Rutledge,Izakovitz,rizakovitz24@lulu.com,Male,,77,Marketing,$1.21,Telugu
78,Bennie,Jupe,bjupe25@buzzfeed.com,Male,,78,Support,$7.59,Macedonian
79,Selene,Hargroves,shargroves26@tripadvisor.com,Female,,79,Training,$5.82,Croatian
80,Janetta,Vasiljevic,jvasiljevic27@narod.ru,Female,,80,Services,$1.11,Swati
81,Faber,O'Sheeryne,fosheeryne28@yellowpages.com,Male,,81,Business Development,$5.78,Romanian
82,Meggy,Pasterfield,mpasterfield29@surveymonkey.com,Female,,82,Legal,$6.25,Malagasy
83,Donelle,Papaccio,dpapaccio2a@ucoz.com,Female,,83,Support,$8.00,West Frisian
84,Derrick,Liddy,dliddy2b@prnewswire.com,Male,,84,Sales,$9.31,Kurdish
85,Judith,Praton,jpraton2c@google.ru,Female,,85,Marketing,$7.70,Filipino
86,Vitia,Melsom,vmelsom2d@java.com,Female,,86,Sales,$1.90,Azeri
87,Tudor,Pinckney,tpinckney2e@t.co,Male,,87,Research and Development,$3.11,Arabic
88,Osbert,Firebrace,ofirebrace2f@lycos.com,Male,,88,Services,$3.45,Korean
89,Abigale,Kolak,akolak2g@google.es,Female,,89,Training,$3.23,Dzongkha
90,Linn,Alpes,lalpes2h@princeton.edu,Male,,90,Services,$1.09,Estonian
91,Astrid,Moncrieffe,amoncrieffe2i@house.gov,Female,Provence-Alpes-Côte d'Azur,91,Human Resources,$0.42,Albanian
92,Ernesta,Powles,epowles2j@ebay.co.uk,Female,,92,Legal,$6.74,Irish Gaelic
93,Silvio,Knowlton,sknowlton2k@fotki.com,Male,,93,Business Development,$8.44,Haitian Creole
94,Griselda,Couroy,gcouroy2l@cdc.gov,Female,,94,Support,$5.21,Malay
95,Godfrey,Sill,gsill2m@jimdo.com,Male,,95,Training,$4.86,Swahili
96,Antoinette,Beaument,abeaument2n@macromedia.com,Female,,96,Business Development,$9.68,Khmer
97,Leonora,Rahill,lrahill2o@slashdot.org,Female,,97,Training,$1.16,French
98,Dame,Daft,ddaft2p@purevolume.com,Male,,98,Services,$7.37,Danish
99,Karoline,Finneran,kfinneran2q@about.com,Female,,99,Human Resources,$7.61,Thai
100,Marcelia,McRobert,mmcrobert2r@wikia.com,Genderfluid,,100,Legal,$7.95,Fijian
101,Renado,Hebron,rhebron2s@bluehost.com,Male,Wisconsin,101,Human Resources,$6.59,Fijian
102,Silvan,Peat,speat2t@fastcompany.com,Male,,102,Business Development,$0.59,Hindi
103,Dougie,Obin,dobin2u@dion.ne.jp,Bigender,,103,Sales,$4.24,Czech
104,Valentine,Yanyshev,vyanyshev2v@census.gov,Male,,104,Human Resources,$2.30,Oriya
105,Allegra,Yaldren,ayaldren2w@smugmug.com,Female,,105,Marketing,$1.42,Yiddish
106,Merilyn,Lacey,mlacey2x@wired.com,Agender,,106,Training,$5.79,Luxembourgish
107,Randy,Jamieson,rjamieson2y@berkeley.edu,Female,,107,Accounting,$4.04,Hiri Motu
108,Marj,Brooksby,mbrooksby2z@seattletimes.com,Female,Connecticut,108,Marketing,$1.55,Bislama
109,Leda,Millson,lmillson30@rediff.com,Female,,109,Support,$9.10,Lao
110,Jerrold,Bines,jbines31@fastcompany.com,Male,,110,Sales,$9.29,Fijian
111,Rebbecca,Ruddiforth,rruddiforth32@forbes.com,Female,,111,Support,$7.21,Malayalam
112,Cart,McEnteggart,cmcenteggart33@blog.com,Male,,112,Training,$3.51,Hindi
113,Brittni,Tompkin,btompkin34@github.com,Female,,113,Services,$8.03,Hindi
114,Nichol,Overill,noverill35@wp.com,Female,,114,Accounting,$4.87,Albanian
115,Carmine,Gopsall,cgopsall36@zimbio.com,Female,Rhône-Alpes,115,Legal,$2.04,Polish
116,Rhiamon,Olin,rolin37@lulu.com,Female,,116,Accounting,$1.00,Papiamento
117,Fredric,Cushelly,fcushelly38@goo.gl,Agender,,117,Engineering,$5.61,Telugu
118,Duffy,Ohlsen,dohlsen39@about.me,Male,,118,Services,$2.92,Dzongkha
119,Stavros,MacSwayde,smacswayde3a@sciencedaily.com,Male,,119,Marketing,$6.17,Japanese
120,Cosme,Wallbridge,cwallbridge3b@com.com,Male,,120,Support,$5.45,Tswana
121,Yolande,Laroux,ylaroux3c@edublogs.org,Female,,121,Training,$8.85,Sotho
122,Bibi,Burdett,bburdett3d@netscape.com,Female,,122,Engineering,$7.07,Latvian
123,Godart,Anelay,ganelay3e@goo.ne.jp,Male,Porto,123,Support,$6.74,Gujarati
124,Chevalier,Mote,cmote3f@github.io,Male,,124,Support,$5.64,English
125,Kenon,Honsch,khonsch3g@yelp.com,Male,,125,Accounting,$0.88,Tswana
126,Sapphire,Yitzowitz,syitzowitz3h@java.com,Female,,126,Support,$5.73,Spanish
127,Corrie,Franssen,cfranssen3i@webnode.com,Male,,127,Training,$8.28,Tetum
128,Yorgos,Kesley,ykesley3j@plala.or.jp,Male,Pahang,128,Accounting,$2.90,Hebrew
129,Clair,Hydes,chydes3k@soup.io,Female,,129,Human Resources,$8.43,Amharic
130,Jaquenetta,Gawkroge,jgawkroge3l@livejournal.com,Female,,130,Human Resources,$6.24,Kashmiri
131,Beau,Lanfranchi,blanfranchi3m@devhub.com,Male,,131,Business Development,$4.03,Greek
132,Hedwig,Mousley,hmousley3n@tripod.com,Female,,132,Services,$7.95,Romanian
133,Cleavland,Sawyer,csawyer3o@is.gd,Male,Guarda,133,Legal,$5.36,Marathi
134,Zena,Lafontaine,zlafontaine3p@trellian.com,Female,,134,Support,$7.10,Hindi
135,Sig,Dislee,sdislee3q@yahoo.co.jp,Male,,135,Accounting,$5.53,Irish Gaelic
136,Johny,Brittoner,jbrittoner3r@behance.net,Male,,136,Support,$2.13,Amharic
137,Martguerita,Leppard,mleppard3s@blogs.com,Female,Provincie Noord-Brabant,137,Business Development,$0.04,Arabic
138,Sybilla,Everington,severington3t@disqus.com,Female,,138,Legal,$3.32,Somali
139,Carmen,Ivanikhin,civanikhin3u@discovery.com,Female,,139,Human Resources,$0.31,Kannada
140,Jsandye,Vardy,jvardy3v@phoca.cz,Female,,140,Research and Development,$8.49,Bengali
141,Scottie,Stove,sstove3w@nydailynews.com,Male,,141,Engineering,$8.53,Macedonian
142,Merle,Fakeley,mfakeley3x@about.com,Female,,142,Support,$3.07,Indonesian
143,Waverley,McDirmid,wmcdirmid3y@marriott.com,Male,,143,Business Development,$6.82,Amharic
144,Garner,Harmer,gharmer3z@prnewswire.com,Polygender,,144,Sales,$1.41,Ndebele
145,Swen,Slott,sslott40@globo.com,Male,,145,Engineering,$4.65,Malagasy
146,Demeter,Illidge,dillidge41@xrea.com,Female,,146,Product Management,$8.97,Polish
147,Halie,Tosh,htosh42@bandcamp.com,Female,,147,Product Management,$6.82,Northern Sotho
148,Bank,Petche,bpetche43@liveinternet.ru,Male,,148,Marketing,$0.29,Latvian
149,Devland,Jago,djago44@jiathis.com,Male,,149,Research and Development,$0.48,French
150,Chandra,Longmuir,clongmuir45@free.fr,Female,,150,Accounting,$2.16,Catalan
151,Hanson,Eseler,heseler46@stumbleupon.com,Male,,151,Human Resources,$5.65,Persian
152,Leonidas,Biggs,lbiggs47@desdev.cn,Male,,152,Legal,$1.41,Papiamento
153,Alfonso,Corter,acorter48@exblog.jp,Male,Alberta,153,Product Management,$8.77,Hebrew
154,Sheelah,Hairesnape,shairesnape49@wikimedia.org,Female,,154,Research and Development,$6.20,Dhivehi
155,Shelba,Duckerin,sduckerin4a@msn.com,Female,,155,Human Resources,$9.16,Bosnian
156,Lincoln,MacAskie,lmacaskie4b@wordpress.com,Male,,156,Business Development,$6.46,Georgian
157,Lisle,Wolland,lwolland4c@ox.ac.uk,Male,Värmland,157,Marketing,$3.60,Amharic
158,Olin,Yirrell,oyirrell4d@mayoclinic.com,Male,,158,Accounting,$9.37,Ndebele
159,Cristin,MacRorie,cmacrorie4e@tumblr.com,Female,,159,Research and Development,$7.43,Polish
160,Abbe,Capeling,acapeling4f@harvard.edu,Male,Värmland,160,Product Management,$0.43,Khmer
161,Hadrian,Edgson,hedgson4g@studiopress.com,Male,,161,Accounting,$2.93,Latvian
162,Giustino,Sayward,gsayward4h@feedburner.com,Male,,162,Business Development,$9.93,Northern Sotho
163,Abeu,Petz,apetz4i@irs.gov,Genderqueer,,163,Research and Development,$0.00,Hiri Motu
164,Bendick,Lilliman,blilliman4j@devhub.com,Male,Île-de-France,164,Engineering,$7.49,Kyrgyz
165,Janeta,Berardt,jberardt4k@bloomberg.com,Female,,165,Sales,$8.11,Tsonga
166,Wyndham,Boyat,wboyat4l@businessweek.com,Male,,166,Legal,$8.95,Maltese
167,Giffie,Hastie,ghastie4m@loc.gov,Male,,167,Support,$8.80,Luxembourgish
168,Ken,Howship,khowship4n@51.la,Male,,168,Marketing,$3.01,Hebrew
169,Dougy,Phippin,dphippin4o@ning.com,Male,,169,Training,$2.08,Kannada
170,Costanza,Wise,cwise4p@timesonline.co.uk,Female,,170,Human Resources,$2.95,Finnish
171,Car,Von Der Empten,cvonderempten4q@comcast.net,Male,,171,Accounting,$0.61,Marathi
172,Shandie,Chasson,schasson4r@senate.gov,Female,,172,Business Development,$5.97,Assamese
173,Roselia,Angove,rangove4s@usatoday.com,Female,,173,Product Management,$2.03,Swahili
174,Antonetta,Runge,arunge4t@google.com.au,Female,,174,Training,$4.61,Bengali
175,Gil,Castleman,gcastleman4u@spotify.com,Polygender,Leiria,175,Services,$6.44,Malagasy
176,Frederico,Ogg,fogg4v@etsy.com,Male,,176,Product Management,$0.94,Spanish
177,Sax,Brewins,sbrewins4w@soup.io,Genderqueer,,177,Training,$1.24,Bulgarian
178,Felice,Cabera,fcabera4x@myspace.com,Male,,178,Research and Development,$5.18,Afrikaans
179,Wayne,Filgate,wfilgate4y@lycos.com,Male,,179,Training,$4.82,Tamil
180,Vivien,Weymont,vweymont4z@w3.org,Female,,180,Human Resources,$6.35,Finnish
181,Coop,Hoffmann,choffmann50@scribd.com,Genderqueer,,181,Human Resources,$8.50,Bosnian
182,Rachelle,Weatherley,rweatherley51@senate.gov,Female,,182,Engineering,$6.38,Japanese
183,Crissie,Macartney,cmacartney52@sourceforge.net,Female,,183,Legal,$0.15,Thai
184,Rafaelia,Sigars,rsigars53@google.com.au,Female,Lorraine,184,Legal,$2.09,Estonian
185,Birgitta,Kunisch,bkunisch54@yellowbook.com,Female,,185,Services,$8.95,Thai
186,Vernon,Josipovic,vjosipovic55@smh.com.au,Male,,186,Engineering,$6.66,Kashmiri
187,Grover,MacNair,gmacnair56@gov.uk,Male,,187,Marketing,$9.52,Māori
188,Bibi,Bratty,bbratty57@utexas.edu,Female,,188,Marketing,$6.50,Afrikaans
189,Cathlene,Ivachyov,civachyov58@clickbank.net,Female,,189,Human Resources,$7.72,Bulgarian
190,Loni,Whittet,lwhittet59@1688.com,Female,,190,Sales,$5.14,Albanian
191,Lorenzo,Barracks,lbarracks5a@cnbc.com,Male,,191,Engineering,$1.00,Dhivehi
192,Fidel,Toffolo,ftoffolo5b@kickstarter.com,Male,,192,Legal,$8.74,Amharic
193,Marieann,Pellett,mpellett5c@livejournal.com,Female,,193,Services,$7.98,Azeri
194,Catlaina,McWaters,cmcwaters5d@chron.com,Female,,194,Sales,$3.77,Dutch
195,Bobbie,Marjoram,bmarjoram5e@cisco.com,Male,,195,Business Development,$1.29,Pashto
196,Kenna,Cridlan,kcridlan5f@mediafire.com,Female,Île-de-France,196,Support,$4.44,Icelandic
197,Tonia,Lister,tlister5g@apple.com,Female,,197,Human Resources,$0.13,Hungarian
198,Carny,Bassford,cbassford5h@woothemes.com,Male,,198,Engineering,$5.60,Albanian
199,Phaidra,Brade,pbrade5i@blinklist.com,Female,,199,Support,$2.47,Tsonga
200,Roddy,Robak,rrobak5j@bravesites.com,Male,,200,Business Development,$8.89,Bulgarian
201,Davie,Toomey,dtoomey5k@sun.com,Male,,201,Engineering,$5.68,Greek
202,Danila,Strood,dstrood5l@discovery.com,Genderqueer,,202,Research and Development,$7.76,Khmer
203,Lawry,Aickin,laickin5m@artisteer.com,Male,,203,Sales,$1.39,Filipino
204,Kayne,Pennick,kpennick5n@google.it,Male,,204,Sales,$8.08,Bengali
205,Leonard,Schollar,lschollar5o@theatlantic.com,Male,,205,Services,$1.66,Amharic
206,Robyn,Brosoli,rbrosoli5p@xing.com,Polygender,,206,Research and Development,$0.52,Oriya
207,Chrysa,Mattiazzi,cmattiazzi5q@sun.com,Female,,207,Services,$9.40,Hebrew
208,Sheppard,Island,sisland5r@wix.com,Male,,208,Accounting,$8.51,Swedish
209,Garnette,Covendon,gcovendon5s@bizjournals.com,Female,Perlis,209,Product Management,$8.69,Kazakh
210,Ikey,Landers,ilanders5t@japanpost.jp,Male,,210,Sales,$9.53,Quechua
211,Bernete,Hallwood,bhallwood5u@delicious.com,Female,,211,Engineering,$5.43,Swahili
212,Moll,Kelleher,mkelleher5v@phoca.cz,Female,,212,Sales,$3.77,Italian
213,Doti,Bellwood,dbellwood5w@sina.com.cn,Female,Viana do Castelo,213,Research and Development,$6.02,Nepali
214,Colet,Illsley,cillsley5x@forbes.com,Male,Aquitaine,214,Training,$1.16,Assamese
215,Susanne,Filmer,sfilmer5y@blogs.com,Female,Ilha da Madeira,215,Product Management,$3.47,Dzongkha
216,Rolando,McKitterick,rmckitterick5z@newsvine.com,Male,,216,Business Development,$8.41,Gagauz
217,Leigh,Pollard,lpollard60@ow.ly,Non-binary,,217,Sales,$5.00,Malagasy
218,Ellene,Feares,efeares61@hubpages.com,Female,,218,Sales,$9.22,Dzongkha
219,Berni,Walisiak,bwalisiak62@mail.ru,Bigender,,219,Support,$7.50,Portuguese
220,Marianna,Toppes,mtoppes63@xinhuanet.com,Female,,220,Business Development,$5.99,Malagasy
221,Gwenette,Reckhouse,greckhouse64@opera.com,Female,,221,Accounting,$6.80,Moldovan
222,Lucien,Preto,lpreto65@senate.gov,Male,,222,Legal,$0.06,Thai
223,Myrtle,Dahl,mdahl66@weebly.com,Genderqueer,,223,Business Development,$8.20,Indonesian
224,Verla,Wheildon,vwheildon67@eventbrite.com,Agender,,224,Legal,$5.73,Bosnian
225,Kiley,Minghella,kminghella68@wikia.com,Male,Île-de-France,225,Product Management,$3.49,Latvian
226,Ludvig,Bendixen,lbendixen69@dot.gov,Male,,226,Training,$1.07,Haitian Creole
227,Sidnee,Jaquest,sjaquest6a@google.nl,Male,Viseu,227,Engineering,$8.35,French
228,Windy,Debrett,wdebrett6b@jiathis.com,Female,,228,Research and Development,$8.10,Latvian
229,Marmaduke,Cahani,mcahani6c@wiley.com,Male,,229,Business Development,$1.69,Kashmiri
230,Johnathon,Garforth,jgarforth6d@bravesites.com,Male,,230,Business Development,$8.70,Tswana
231,Sheree,Beak,sbeak6e@hp.com,Polygender,,231,Product Management,$3.34,West Frisian
232,Nadya,McPhee,nmcphee6f@yahoo.co.jp,Female,,232,Legal,$0.23,Czech
233,Chaunce,Runge,crunge6g@constantcontact.com,Male,,233,Legal,$7.38,Kurdish
234,Mickie,Ashlin,mashlin6h@slideshare.net,Male,,234,Human Resources,$0.22,Malay
235,Hunfredo,Moresby,hmoresby6i@free.fr,Male,,235,Research and Development,$5.30,Croatian
236,Maryanne,Grigsby,mgrigsby6j@cbslocal.com,Female,,236,Support,$4.30,Filipino
237,Barty,Mangeon,bmangeon6k@yahoo.com,Male,,237,Human Resources,$6.24,Gagauz
238,Rheba,Nash,rnash6l@cornell.edu,Female,Arizona,238,Support,$0.55,West Frisian
239,Perice,Millbank,pmillbank6m@prweb.com,Male,Stockholm,239,Sales,$5.22,Bislama
240,Susannah,Dench,sdench6n@apache.org,Female,Lisboa,240,Human Resources,$3.58,Quechua
241,Alli,Clifforth,aclifforth6o@youtube.com,Bigender,,241,Marketing,$2.86,Polish
242,Peirce,Garrand,pgarrand6p@samsung.com,Male,,242,Training,$9.21,Afrikaans
243,Alanah,Kisar,akisar6q@bloglines.com,Female,Lisboa,243,Services,$8.21,Dutch
244,Tasha,Outibridge,toutibridge6r@yale.edu,Agender,,244,Business Development,$2.76,Tamil
245,Ursuline,McGaughie,umcgaughie6s@wiley.com,Female,,245,Engineering,$2.12,Kashmiri
246,Sylas,Hollingsby,shollingsby6t@spotify.com,Male,Tasmania,246,Engineering,$3.80,Korean
247,Marti,Lidgerton,mlidgerton6u@wufoo.com,Female,,247,Engineering,$0.11,Dhivehi
248,Sam,Russen,srussen6v@addtoany.com,Female,,248,Research and Development,$7.91,Fijian
249,Allie,Phippard,aphippard6w@ebay.co.uk,Male,,249,Legal,$5.14,Lithuanian
250,Orsa,Geill,ogeill6x@bluehost.com,Polygender,,250,Human Resources,$4.08,Dhivehi
251,Umeko,Lerohan,ulerohan6y@intel.com,Female,,251,Services,$1.20,Armenian
252,Gipsy,Noweak,gnoweak6z@scientificamerican.com,Female,Québec,252,Human Resources,$9.90,Lithuanian
253,Bruno,Suddick,bsuddick70@163.com,Male,Kalmar,253,Sales,$9.30,Guaraní
254,Thomas,Test,ttest71@smugmug.com,Male,,254,Legal,$3.23,New Zealand Sign Language
255,Conney,Veregan,cveregan72@nature.com,Male,,255,Training,$0.44,Marathi
256,Hamilton,Mohring,hmohring73@twitter.com,Genderfluid,Viseu,256,Support,$4.10,French
257,Katharine,Spikins,kspikins74@homestead.com,Female,,257,Accounting,$6.16,Dutch
258,Lotte,Radwell,lradwell75@xing.com,Female,,258,Engineering,$2.17,Malagasy
259,Curry,Le Strange,clestrange76@miitbeian.gov.cn,Male,,259,Training,$4.35,Guaraní
260,Clarke,Gothrup,cgothrup77@narod.ru,Male,,260,Support,$2.59,Northern Sotho
261,Dinny,Rait,drait78@prnewswire.com,Female,,261,Product Management,$7.87,Kazakh
262,Riannon,Roos,rroos79@princeton.edu,Female,,262,Research and Development,$4.76,Dhivehi
263,Ambros,Whitwam,awhitwam7a@google.it,Male,Stockholm,263,Human Resources,$7.24,Belarusian
264,Joela,Algate,jalgate7b@harvard.edu,Female,,264,Training,$2.22,Portuguese
265,Marve,Fassam,mfassam7c@npr.org,Male,,265,Human Resources,$0.76,Tajik
266,Briney,Grogan,bgrogan7d@digg.com,Female,Lisboa,266,Marketing,$3.31,Kashmiri
267,Emmit,Herrieven,eherrieven7e@intel.com,Male,,267,Product Management,$8.46,Punjabi
268,Dalila,Romer,dromer7f@studiopress.com,Female,,268,Marketing,$6.26,Lao
269,Carolan,Bosenworth,cbosenworth7g@phoca.cz,Female,,269,Support,$1.82,Swedish
270,Eunice,Dalrymple,edalrymple7h@t-online.de,Female,Pays de la Loire,270,Business Development,$8.34,English
271,Vikki,Simonnin,vsimonnin7i@china.com.cn,Female,,271,Business Development,$9.85,Sotho
272,Elonore,Von Welden,evonwelden7j@discovery.com,Female,,272,Research and Development,$7.35,Italian
273,Lief,Parnham,lparnham7k@com.com,Male,,273,Product Management,$8.50,Mongolian
274,Raimondo,Nussii,rnussii7l@latimes.com,Male,Braga,274,Accounting,$3.57,Armenian
275,Brewster,Timmins,btimmins7m@cbc.ca,Male,,275,Business Development,$3.24,Marathi
276,Traver,Larsen,tlarsen7n@tuttocitta.it,Male,,276,Sales,$9.67,Swati
277,Stacee,cornhill,scornhill7o@sphinn.com,Male,,277,Accounting,$5.53,Tetum
278,Astrid,Durston,adurston7p@army.mil,Female,,278,Human Resources,$9.70,Khmer
279,Lind,Laxton,llaxton7q@illinois.edu,Male,,279,Product Management,$1.72,Korean
280,Tuck,Dunlop,tdunlop7r@archive.org,Male,,280,Product Management,$7.81,Dutch
281,Renault,Wellington,rwellington7s@spotify.com,Male,,281,Product Management,$3.55,Hiri Motu
282,Eldon,Stagg,estagg7t@dropbox.com,Male,Region Hovedstaden,282,Support,$4.03,German
283,Tremayne,Gunthorpe,tgunthorpe7u@tinyurl.com,Male,,283,Legal,$3.01,Tswana
284,Biddie,Limer,blimer7v@tuttocitta.it,Female,,284,Sales,$4.74,Norwegian
285,Julienne,Lamanby,jlamanby7w@bbc.co.uk,Female,,285,Product Management,$8.25,Romanian
286,Obed,Skellern,oskellern7x@php.net,Male,,286,Legal,$6.16,Tsonga
287,Frederico,Sexon,fsexon7y@nydailynews.com,Male,,287,Services,$9.13,Montenegrin
288,Zeb,Van Velden,zvanvelden7z@studiopress.com,Male,,288,Business Development,$0.28,Telugu
289,Lombard,Bloys,lbloys80@europa.eu,Male,,289,Engineering,$9.60,Romanian
290,Rawley,Hampe,rhampe81@seattletimes.com,Male,,290,Legal,$3.12,Dutch
291,Eartha,McMillan,emcmillan82@yale.edu,Female,,291,Accounting,$5.87,Fijian
292,Inglebert,McGaugey,imcgaugey83@last.fm,Male,Norrbotten,292,Accounting,$5.35,Oriya
293,Stavros,Thorneloe,sthorneloe84@51.la,Male,,293,Business Development,$4.95,Nepali
294,Alden,Lodge,alodge85@yale.edu,Male,,294,Research and Development,$0.36,Quechua
295,Alon,Leall,aleall86@utexas.edu,Male,,295,Product Management,$8.79,Amharic
296,Carlynn,Grinston,cgrinston87@fema.gov,Female,,296,Research and Development,$1.23,Finnish
297,Tadeas,Fackney,tfackney88@cornell.edu,Male,,297,Research and Development,$1.82,Telugu
298,Evita,McCarry,emccarry89@usnews.com,Female,,298,Research and Development,$4.17,Dhivehi
299,Steven,Mundow,smundow8a@github.io,Male,,299,Business Development,$1.90,English
300,Tawsha,Ballingal,tballingal8b@topsy.com,Female,Île-de-France,300,Engineering,$2.44,Georgian
301,Veriee,McCourtie,vmccourtie8c@narod.ru,Female,,301,Training,$2.41,Norwegian
302,Huntlee,Cadney,hcadney8d@barnesandnoble.com,Male,,302,Engineering,$6.86,Tswana
303,Caroljean,Vedishchev,cvedishchev8e@blogs.com,Female,,303,Services,$5.67,Telugu
304,Donna,Goaks,dgoaks8f@goodreads.com,Female,,304,Training,$0.74,Latvian
305,Star,Dillestone,sdillestone8g@nps.gov,Female,,305,Research and Development,$9.17,Dzongkha
306,Lyssa,Capehorn,lcapehorn8h@bizjournals.com,Female,,306,Services,$9.11,Kazakh
307,Miller,Gascard,mgascard8i@epa.gov,Male,,307,Sales,$2.86,Assamese
308,Federico,Hotson,fhotson8j@tripod.com,Male,,308,Business Development,$4.83,Danish
309,Sherm,Skipper,sskipper8k@scribd.com,Male,,309,Marketing,$7.16,Northern Sotho
310,Fredrika,Maine,fmaine8l@merriam-webster.com,Female,,310,Product Management,$5.53,Icelandic
311,Miltie,McKelloch,mmckelloch8m@dropbox.com,Male,Lazio,311,Accounting,$6.37,Hiri Motu
312,Melvyn,Bartleman,mbartleman8n@sohu.com,Male,,312,Business Development,$8.85,Estonian
313,Aguste,Baudi,abaudi8o@squidoo.com,Non-binary,Västra Götaland,313,Research and Development,$5.28,Tajik
314,Kalila,Bastable,kbastable8p@123-reg.co.uk,Female,,314,Support,$1.18,Assamese
315,Benny,Crenage,bcrenage8q@msu.edu,Female,,315,Business Development,$1.96,French
316,Anita,Houlridge,ahoulridge8r@instagram.com,Female,,316,Engineering,$0.23,Tsonga
317,Laverna,Hardiman,lhardiman8s@ebay.com,Genderfluid,,317,Research and Development,$7.21,Tajik
318,Ezequiel,Letham,eletham8t@weibo.com,Male,,318,Marketing,$8.44,Tamil
319,Gisella,Wooller,gwooller8u@friendfeed.com,Female,,319,Training,$0.74,Telugu
320,Cassandra,Comazzo,ccomazzo8v@aol.com,Female,,320,Training,$7.92,Maltese
321,Bryna,Paquet,bpaquet8w@redcross.org,Female,,321,Training,$8.44,Bulgarian
322,Clarine,Knudsen,cknudsen8x@uiuc.edu,Female,,322,Support,$6.27,Persian
323,Malchy,Tompkiss,mtompkiss8y@soup.io,Male,,323,Services,$1.83,Armenian
324,Fionnula,Polini,fpolini8z@unc.edu,Female,,324,Training,$1.50,Arabic
325,Eyde,Andor,eandor90@home.pl,Female,,325,Product Management,$5.92,Hebrew
326,Devin,Spittles,dspittles91@tinyurl.com,Female,Provincie Noord-Brabant,326,Services,$3.55,Afrikaans
327,Audry,Rawll,arawll92@hhs.gov,Female,Cataluna,327,Accounting,$1.31,Tsonga
328,Mirna,Eastcott,meastcott93@sourceforge.net,Female,,328,Research and Development,$4.57,Czech
329,Hillel,Adran,hadran94@chicagotribune.com,Male,,329,Product Management,$7.27,Dutch
330,Huntlee,Coules,hcoules95@apache.org,Male,,330,Engineering,$5.11,Zulu
331,Cori,Laughnan,claughnan96@va.gov,Female,,331,Engineering,$3.31,Punjabi
332,Evvie,Bockman,ebockman97@cbsnews.com,Female,,332,Research and Development,$6.74,Moldovan
333,Trumaine,Ganley,tganley98@theglobeandmail.com,Male,,333,Product Management,$6.52,Bengali
334,Nowell,Meadows,nmeadows99@goodreads.com,Male,,334,Legal,$6.71,Estonian
335,Brenda,Gogie,bgogie9a@nydailynews.com,Female,,335,Human Resources,$4.42,Romanian
336,Sibelle,Potteril,spotteril9b@nhs.uk,Female,,336,Accounting,$3.50,Spanish
337,Aurie,Pietranek,apietranek9c@altervista.org,Female,,337,Services,$5.05,Kazakh
338,Guillermo,Filippello,gfilippello9d@cpanel.net,Male,,338,Product Management,$2.31,Gagauz
339,Hubey,Josse,hjosse9e@arizona.edu,Male,,339,Services,$1.59,Kazakh
340,Gale,Thorwarth,gthorwarth9f@discovery.com,Male,,340,Sales,$6.54,Kannada
341,Pet,Brownbill,pbrownbill9g@earthlink.net,Female,,341,Sales,$9.51,Danish
342,Ariela,Cains,acains9h@reference.com,Female,,342,Training,$3.77,Latvian
343,Bess,Pariss,bpariss9i@chronoengine.com,Female,,343,Services,$9.26,Malayalam
344,Karena,Cotter,kcotter9j@comsenz.com,Female,,344,Marketing,$3.42,Norwegian
345,Lazarus,Twelftree,ltwelftree9k@theatlantic.com,Male,,345,Legal,$8.02,Lao
346,Charlena,Sadgrove,csadgrove9l@paginegialle.it,Female,,346,Engineering,$2.08,Bengali
347,Hendrika,Moan,hmoan9m@biglobe.ne.jp,Female,,347,Human Resources,$3.32,Azeri
348,Cicely,Tear,ctear9n@acquirethisname.com,Female,,348,Accounting,$1.13,Belarusian
349,Cinda,Gill,cgill9o@exblog.jp,Female,,349,Business Development,$2.27,Korean
350,Vikki,Gant,vgant9p@forbes.com,Female,,350,Marketing,$4.48,Yiddish
351,Bayard,Matthensen,bmatthensen9q@cocolog-nifty.com,Male,,351,Marketing,$2.37,Tajik
352,Casandra,Trevaskus,ctrevaskus9r@wiley.com,Genderqueer,Texas,352,Training,$3.66,Tajik
353,Margi,Christon,mchriston9s@mlb.com,Female,,353,Sales,$1.44,Hungarian
354,Lonny,Trewartha,ltrewartha9t@yahoo.co.jp,Male,,354,Research and Development,$5.42,Kyrgyz
355,Finn,Peepall,fpeepall9u@pcworld.com,Male,,355,Sales,$5.87,German
356,Bellina,Yeeles,byeeles9v@hhs.gov,Female,,356,Business Development,$2.38,Catalan
357,Marguerite,Blay,mblay9w@blogtalkradio.com,Female,,357,Accounting,$8.73,Portuguese
358,Delaney,Meffen,dmeffen9x@utexas.edu,Male,,358,Training,$4.98,Bislama
359,Elladine,Snuggs,esnuggs9y@altervista.org,Female,,359,Services,$2.86,Telugu
360,Kyla,Laurie,klaurie9z@canalblog.com,Female,,360,Accounting,$5.83,Japanese
361,Findlay,Athowe,fathowea0@netscape.com,Male,,361,Research and Development,$5.85,Maltese
362,Kristal,Sketch,ksketcha1@woothemes.com,Female,,362,Legal,$3.37,Bulgarian
363,Aurlie,Glowach,aglowacha2@altervista.org,Female,,363,Training,$5.02,Guaraní
364,Pris,Durgan,pdurgana3@umich.edu,Female,Viseu,364,Sales,$3.59,Danish
365,Ernestus,Skellen,eskellena4@paginegialle.it,Male,,365,Services,$6.91,West Frisian
366,Raddy,Cheshir,rcheshira5@ihg.com,Male,,366,Research and Development,$8.79,Belarusian
367,Theda,Matthis,tmatthisa6@hp.com,Female,,367,Services,$2.86,Belarusian
368,Terrill,Durrant,tdurranta7@gmpg.org,Genderfluid,,368,Human Resources,$0.92,Gujarati
369,Opaline,Ginman,oginmana8@biglobe.ne.jp,Female,,369,Services,$7.14,Polish
370,Pyotr,Verey,pvereya9@home.pl,Male,,370,Support,$6.32,Kyrgyz
371,Cam,Adshed,cadshedaa@prnewswire.com,Male,,371,Sales,$2.22,Tswana
372,Terri,Oglevie,toglevieab@biblegateway.com,Genderfluid,England,372,Support,$9.30,Gujarati
373,Pauletta,Mapplebeck,pmapplebeckac@furl.net,Female,,373,Services,$9.35,Romanian
374,Granger,Alessandretti,galessandrettiad@bravesites.com,Male,Labuan,374,Engineering,$1.51,Korean
375,Tobe,Boulsher,tboulsherae@si.edu,Female,,375,Product Management,$6.72,Tetum
376,Irena,Bland,iblandaf@google.nl,Female,,376,Research and Development,$2.59,Tetum
377,Ruggiero,Collison,rcollisonag@i2i.jp,Male,,377,Accounting,$9.54,Māori
378,Jake,Landis,jlandisah@booking.com,Male,,378,Human Resources,$1.25,Moldovan
379,Barbey,Wilshaw,bwilshawai@naver.com,Female,,379,Human Resources,$4.08,Tsonga
380,Berke,Stribbling,bstribblingaj@globo.com,Male,Rhône-Alpes,380,Human Resources,$6.01,Dzongkha
381,Hewe,Fiddian,hfiddianak@bing.com,Male,Viana do Castelo,381,Marketing,$0.68,Burmese
382,Marla,Duckham,mduckhamal@webnode.com,Female,,382,Research and Development,$2.81,Portuguese
383,Wanda,Savary,wsavaryam@icio.us,Female,,383,Services,$4.59,Bislama
384,Corry,Baulcombe,cbaulcombean@hao123.com,Female,Värmland,384,Sales,$7.22,Mongolian
385,Carter,Bello,cbelloao@elpais.com,Male,,385,Marketing,$1.66,Polish
386,Quentin,Bartelet,qbarteletap@arstechnica.com,Female,Coimbra,386,Services,$6.94,Japanese
387,Whitney,Keating,wkeatingaq@princeton.edu,Polygender,,387,Engineering,$4.34,Kyrgyz
388,Lenka,Llewellyn,lllewellynar@scientificamerican.com,Female,,388,Services,$6.22,Maltese
389,Henry,Aronin,haroninas@tamu.edu,Male,,389,Services,$2.81,Belarusian
390,Marilee,Dellenbroker,mdellenbrokerat@friendfeed.com,Female,Bruxelles-Capitale,390,Training,$0.40,Danish
391,Brod,Furnival,bfurnivalau@issuu.com,Male,,391,Business Development,$6.04,Burmese
392,Gardy,Paolo,gpaoloav@github.com,Male,,392,Support,$9.27,Aymara
393,Lesley,Teaz,lteazaw@arstechnica.com,Genderqueer,,393,Human Resources,$8.95,Kashmiri
394,Findlay,Payze,fpayzeax@craigslist.org,Male,,394,Legal,$0.05,Zulu
395,Renata,Bullant,rbullantay@cnet.com,Female,,395,Training,$3.78,Armenian
396,Brenn,Filoniere,bfiloniereaz@goodreads.com,Female,,396,Training,$5.14,Tamil
397,Sile,Cullity,scullityb0@webnode.com,Female,,397,Research and Development,$3.97,Khmer
398,Marijo,Kretschmer,mkretschmerb1@tiny.cc,Female,,398,Sales,$2.51,Khmer
399,Ravi,Reffe,rreffeb2@alibaba.com,Male,,399,Accounting,$1.26,Bengali
400,Gustie,Isac,gisacb3@dedecms.com,Female,,400,Support,$8.43,Malagasy
401,Aaren,Reinard,areinardb4@ow.ly,Female,,401,Legal,$1.12,Dari
402,Cornela,Spurryer,cspurryerb5@accuweather.com,Female,,402,Support,$6.19,Amharic
403,Leta,Cristoforo,lcristoforob6@example.com,Female,,403,Legal,$9.33,Czech
404,Raye,Readshaw,rreadshawb7@printfriendly.com,Female,Santarém,404,Accounting,$3.17,Malagasy
405,Rafferty,Grimwood,rgrimwoodb8@si.edu,Male,,405,Sales,$4.57,Northern Sotho
406,Bari,Birney,bbirneyb9@skype.com,Female,,406,Human Resources,$3.94,Indonesian
407,Cordi,Jerger,cjergerba@mozilla.org,Female,,407,Support,$0.06,Hindi
408,Tuckie,Rowbotham,trowbothambb@upenn.edu,Male,,408,Product Management,$7.63,Tsonga
409,Conrado,Colomb,ccolombbc@redcross.org,Male,Setúbal,409,Training,$7.25,Maltese
410,Maudie,Horrigan,mhorriganbd@independent.co.uk,Female,,410,Product Management,$0.89,Bengali
411,Arin,Nickerson,anickersonbe@netscape.com,Male,,411,Sales,$7.53,Kazakh
412,Arlette,Vuittet,avuittetbf@howstuffworks.com,Female,,412,Legal,$0.14,Belarusian
413,Melisent,Panswick,mpanswickbg@kickstarter.com,Female,Centre,413,Sales,$1.95,Dutch
414,Mark,Baff,mbaffbh@biblegateway.com,Male,,414,Marketing,$5.20,Danish
415,Dimitri,Hauxby,dhauxbybi@twitpic.com,Male,,415,Services,$6.85,Persian
416,Stanislaw,Falco,sfalcobj@vinaora.com,Male,,416,Engineering,$4.35,Fijian
417,Alberto,Monahan,amonahanbk@foxnews.com,Male,,417,Training,$3.81,Indonesian
418,Jule,Wayland,jwaylandbl@t-online.de,Polygender,,418,Business Development,$8.42,Bosnian
419,Bernardo,Bowling,bbowlingbm@economist.com,Agender,,419,Support,$5.37,Burmese
420,Vanni,Duddin,vduddinbn@tripod.com,Female,Saskatchewan,420,Business Development,$9.06,Catalan
421,Whitby,Masson,wmassonbo@princeton.edu,Bigender,San Luis Potosi,421,Training,$0.76,French
422,Ruthy,Stoving,rstovingbp@nature.com,Female,,422,Sales,$4.14,German
423,Idelle,Koop,ikoopbq@topsy.com,Female,,423,Business Development,$1.33,Belarusian
424,Pansie,Cogley,pcogleybr@flavors.me,Female,,424,Accounting,$7.01,Tsonga
425,Beatrice,Mingay,bmingaybs@nature.com,Female,,425,Services,$0.54,Montenegrin
426,Katrinka,Beardsell,kbeardsellbt@un.org,Bigender,,426,Product Management,$5.09,Hiri Motu
427,Karlee,Rostern,krosternbu@fastcompany.com,Female,,427,Sales,$0.09,New Zealand Sign Language
428,Pincus,Itzkovwich,pitzkovwichbv@tinypic.com,Male,,428,Training,$2.13,Chinese
429,Heidi,Nichols,hnicholsbw@usa.gov,Female,,429,Sales,$5.71,Polish
430,Howey,Double,hdoublebx@skype.com,Male,,430,Sales,$8.23,Dutch
431,Conney,Braga,cbragaby@altervista.org,Male,Tennessee,431,Engineering,$4.00,French
432,Krishna,Franceschelli,kfranceschellibz@techcrunch.com,Non-binary,,432,Support,$5.18,Hindi
433,Jasun,Keppy,jkeppyc0@wp.com,Male,,433,Research and Development,$9.97,Afrikaans
434,Amble,Robson,arobsonc1@bandcamp.com,Male,Coimbra,434,Support,$0.33,Italian
435,Erda,Mayston,emaystonc2@i2i.jp,Female,,435,Product Management,$7.74,Tajik
436,Tracie,Sandells,tsandellsc3@wisc.edu,Female,,436,Accounting,$1.87,Pashto
437,Selby,O' Byrne,sobyrnec4@merriam-webster.com,Male,,437,Support,$2.96,Malay
438,Tonnie,Favel,tfavelc5@howstuffworks.com,Male,Santarém,438,Research and Development,$5.43,Hebrew
439,Tandie,O'Heagertie,toheagertiec6@printfriendly.com,Female,,439,Training,$2.11,Hiri Motu
440,Rebbecca,Boundy,rboundyc7@t-online.de,Female,,440,Marketing,$6.37,Luxembourgish
441,Fifine,Skillanders,fskillandersc8@fema.gov,Female,Porto,441,Services,$3.85,Hebrew
442,Anson,McGilvray,amcgilvrayc9@arizona.edu,Male,,442,Marketing,$0.18,Montenegrin
443,Winfield,Lempertz,wlempertzca@deliciousdays.com,Male,Faro,443,Accounting,$5.89,Catalan
444,Carroll,Dumbrill,cdumbrillcb@sina.com.cn,Male,,444,Support,$6.33,Portuguese
445,Willie,Scurrey,wscurreycc@weibo.com,Female,,445,Marketing,$9.67,Pashto
446,Val,Kinker,vkinkercd@mediafire.com,Male,,446,Engineering,$3.87,Kashmiri
447,Rebe,Pessolt,rpessoltce@utexas.edu,Bigender,,447,Legal,$4.40,English
448,Florence,Kleuer,fkleuercf@ted.com,Female,,448,Legal,$0.91,Macedonian
449,Lanie,Conaghan,lconaghancg@odnoklassniki.ru,Male,,449,Services,$8.58,Kurdish
450,Sharline,Sewards,ssewardsch@digg.com,Female,Haute-Normandie,450,Sales,$8.40,Arabic
451,Giacobo,Strut,gstrutci@icq.com,Male,,451,Research and Development,$9.28,Danish
452,Astrid,Pipping,apippingcj@networkadvertising.org,Female,Porto,452,Training,$8.60,Lao
453,Izaak,Noone,inooneck@cbslocal.com,Male,,453,Legal,$5.97,Swahili
454,Tuck,Pepineaux,tpepineauxcl@canalblog.com,Male,,454,Services,$0.94,Persian
455,Heloise,Bellringer,hbellringercm@mysql.com,Female,,455,Research and Development,$9.53,Malayalam
456,Leesa,Spraggon,lspraggoncn@phoca.cz,Agender,Midi-Pyrénées,456,Services,$4.62,Estonian
457,Cody,Sherwill,csherwillco@trellian.com,Male,,457,Marketing,$7.39,Quechua
458,Claiborn,Moir,cmoircp@cnet.com,Male,,458,Accounting,$4.59,Indonesian
459,Aleksandr,Rigglesford,arigglesfordcq@posterous.com,Non-binary,,459,Engineering,$8.81,Dzongkha
460,Darrelle,Camier,dcamiercr@google.com,Female,,460,Services,$7.87,Lao
461,Maynard,Phillipps,mphillippscs@1und1.de,Male,,461,Research and Development,$2.14,Sotho
462,Constantine,Serck,cserckct@slashdot.org,Male,,462,Services,$1.88,English
463,Courtney,Derricoat,cderricoatcu@dropbox.com,Male,,463,Accounting,$4.88,Hiri Motu
464,Pierre,Selvey,pselveycv@homestead.com,Male,,464,Services,$3.82,Czech
465,Zacharie,Phillins,zphillinscw@elegantthemes.com,Male,,465,Engineering,$5.12,Marathi
466,Martguerita,Biddwell,mbiddwellcx@dailymotion.com,Female,,466,Accounting,$6.12,Albanian
467,Edi,Gabrieli,egabrielicy@nih.gov,Female,Bretagne,467,Legal,$3.35,Montenegrin
468,Andriette,Dods,adodscz@scribd.com,Female,,468,Sales,$4.91,Gagauz
469,Binky,Yerrell,byerrelld0@nbcnews.com,Male,,469,Human Resources,$1.74,Lao
470,Meagan,Jardine,mjardined1@google.pl,Female,,470,Accounting,$7.79,Chinese
471,Esme,Mellhuish,emellhuishd2@toplist.cz,Male,,471,Training,$0.36,Malayalam
472,Beatrice,Ugolini,bugolinid3@yelp.com,Female,,472,Training,$2.52,Burmese
473,Lenora,Matej,lmatejd4@skype.com,Female,England,473,Accounting,$6.48,Telugu
474,Richie,Lansbury,rlansburyd5@examiner.com,Male,,474,Sales,$2.22,Croatian
475,Shem,Idenden,sidendend6@mapy.cz,Male,,475,Engineering,$0.86,Dari
476,Farrell,Ladbrooke,fladbrooked7@netvibes.com,Male,,476,Legal,$5.73,Catalan
477,Bethena,Senechell,bsenechelld8@ted.com,Female,,477,Services,$8.68,Japanese
478,Beryle,Bengtsson,bbengtssond9@phpbb.com,Female,,478,Support,$1.06,Pashto
479,Codi,Denecamp,cdenecampda@jugem.jp,Female,Pulau Pinang,479,Support,$1.69,Tajik
480,Mindy,Bakster,mbaksterdb@wp.com,Female,,480,Business Development,$4.06,Pashto
481,Osmond,Adran,oadrandc@ucoz.ru,Male,,481,Human Resources,$3.56,Lithuanian
482,Ethelda,Trippack,etrippackdd@census.gov,Female,,482,Accounting,$9.54,Kurdish
483,Raye,Sergent,rsergentde@weibo.com,Female,,483,Accounting,$4.18,Papiamento
484,Benn,Cattel,bcatteldf@answers.com,Male,,484,Product Management,$3.28,Lithuanian
485,Erik,Bayns,ebaynsdg@last.fm,Male,,485,Legal,$0.02,Dzongkha
486,Malorie,Gogerty,mgogertydh@cloudflare.com,Female,,486,Business Development,$2.30,Portuguese
487,Gene,Fevers,gfeversdi@freewebs.com,Male,,487,Marketing,$3.45,Kazakh
488,Nanni,Cavolini,ncavolinidj@about.com,Female,,488,Product Management,$6.05,Kyrgyz
489,Tanitansy,Woolhouse,twoolhousedk@canalblog.com,Female,Stockholm,489,Accounting,$2.26,Nepali
490,Farra,Whelpton,fwhelptondl@sbwire.com,Female,,490,Training,$7.07,Sotho
491,Hervey,Bader,hbaderdm@youku.com,Agender,,491,Sales,$3.37,Tswana
492,Omero,Orrick,oorrickdn@oracle.com,Male,,492,Accounting,$5.05,Swahili
493,Cozmo,McLarens,cmclarensdo@fda.gov,Male,Gävleborg,493,Engineering,$1.45,Malayalam
494,Melvyn,Haggerstone,mhaggerstonedp@bbc.co.uk,Male,,494,Training,$6.99,Montenegrin
495,Lorrin,McKibbin,lmckibbindq@ihg.com,Female,,495,Product Management,$3.32,Hindi
496,Winny,Jansik,wjansikdr@artisteer.com,Male,,496,Product Management,$8.03,Somali
497,Marga,Duck,mduckds@symantec.com,Female,,497,Support,$1.71,Swahili
498,Karlis,Heinsh,kheinshdt@reverbnation.com,Male,,498,Engineering,$7.89,Maltese
499,Robby,Kirk,rkirkdu@blogs.com,Female,,499,Business Development,$6.05,Maltese
500,Craggy,Syder,csyderdv@canalblog.com,Male,,500,Sales,$2.52,Tswana
501,Miran,Dyne,mdynedw@goodreads.com,Female,,501,Human Resources,$0.97,Kannada
502,Filbert,Bocke,fbockedx@mail.ru,Male,,502,Product Management,$1.74,Armenian
503,Janessa,Heinig,jheinigdy@google.com.hk,Female,,503,Accounting,$9.49,Chinese
504,Syman,Bootland,sbootlanddz@businessinsider.com,Bigender,,504,Accounting,$2.50,Korean
505,Constantino,Coan,ccoane0@so-net.ne.jp,Male,,505,Marketing,$5.32,Punjabi
506,Adoree,Bustard,abustarde1@aboutads.info,Female,,506,Accounting,$1.34,Amharic
507,Amitie,Shine,ashinee2@privacy.gov.au,Polygender,,507,Product Management,$2.27,Gagauz
508,Gregorius,Nottingam,gnottingame3@deliciousdays.com,Male,,508,Human Resources,$7.60,Spanish
509,Estevan,Dunkerk,edunkerke4@sfgate.com,Male,,509,Services,$9.84,Kurdish
510,Millard,Fish,mfishe5@ft.com,Male,,510,Product Management,$2.47,Lao
511,Jacob,Cullip,jcullipe6@forbes.com,Male,,511,Marketing,$7.48,Norwegian
512,Fidela,Witts,fwittse7@nba.com,Female,,512,Training,$8.38,Northern Sotho
513,Waiter,Sibray,wsibraye8@deviantart.com,Male,Rhône-Alpes,513,Services,$2.93,Hiri Motu
514,Sandy,Kindread,skindreade9@weebly.com,Female,,514,Legal,$6.20,Swahili
515,Wilmette,Paolini,wpaoliniea@pen.io,Female,,515,Sales,$8.48,Czech
516,Bing,Kitt,bkitteb@feedburner.com,Bigender,,516,Business Development,$5.31,Aymara
517,Zachery,Krzysztofiak,zkrzysztofiakec@uol.com.br,Male,,517,Marketing,$3.79,Zulu
518,Lanni,Izakoff,lizakoffed@live.com,Female,,518,Legal,$4.01,Zulu
519,Norton,Sands-Allan,nsandsallanee@washington.edu,Male,,519,Marketing,$8.91,Czech
520,Maureene,Sibary,msibaryef@bluehost.com,Female,,520,Support,$6.56,Punjabi
521,Lorry,Akister,lakistereg@alexa.com,Female,,521,Business Development,$1.15,Armenian
522,Cazzie,Shewery,csheweryeh@amazon.de,Agender,,522,Product Management,$1.37,Indonesian
523,Juan,Goodlad,jgoodladei@hud.gov,Male,,523,Legal,$6.42,Zulu
524,Benito,Bottom,bbottomej@icq.com,Male,,524,Services,$1.55,Bulgarian
525,Benny,Aisbett,baisbettek@themeforest.net,Female,,525,Legal,$9.04,Northern Sotho
526,Zelma,Oxtarby,zoxtarbyel@businesswire.com,Female,,526,Product Management,$4.21,Aymara
527,Ilysa,Potbury,ipotburyem@dailymail.co.uk,Genderfluid,,527,Research and Development,$9.16,Macedonian
528,Lorry,Bridat,lbridaten@mapquest.com,Female,,528,Human Resources,$4.45,Tok Pisin
529,Yehudi,Selvey,yselveyeo@examiner.com,Male,,529,Marketing,$4.84,Malayalam
530,Rem,Klaesson,rklaessonep@netvibes.com,Male,Putrajaya,530,Support,$4.66,Korean
531,Avigdor,De Paoli,adepaolieq@qq.com,Male,,531,Services,$8.08,French
532,Allan,Kemston,akemstoner@hao123.com,Male,,532,Accounting,$8.48,Macedonian
533,Ora,Arthars,oartharses@theguardian.com,Female,,533,Accounting,$4.79,Hindi
534,Ana,Dyble,adybleet@altervista.org,Agender,Provincie Friesland,534,Business Development,$8.30,Montenegrin
535,Joeann,Coronado,jcoronadoeu@cnet.com,Female,,535,Product Management,$0.72,Hebrew
536,Hazel,Bothams,hbothamsev@netlog.com,Female,,536,Research and Development,$8.38,Japanese
537,Duffie,Molines,dmolinesew@meetup.com,Male,,537,Product Management,$7.22,Dhivehi
538,Erhart,Campanelle,ecampanelleex@cnet.com,Male,,538,Human Resources,$2.31,Oriya
539,Lilah,Coo,lcooey@fda.gov,Female,,539,Support,$1.10,Chinese
540,Tarrance,Garvagh,tgarvaghez@usgs.gov,Male,,540,Sales,$7.19,Azeri
541,Woodrow,Taylerson,wtaylersonf0@so-net.ne.jp,Male,,541,Training,$9.93,Fijian
542,Cordy,Antonoyev,cantonoyevf1@blog.com,Female,,542,Support,$9.50,Nepali
543,Rayna,Swiffan,rswiffanf2@discovery.com,Female,,543,Business Development,$1.06,Dari
544,Katrinka,Andresser,kandresserf3@mozilla.com,Female,,544,Research and Development,$3.52,Māori
545,Cass,Grainger,cgraingerf4@fda.gov,Female,Haute-Normandie,545,Sales,$1.60,Afrikaans
546,Paule,Galfour,pgalfourf5@hugedomains.com,Female,,546,Training,$9.03,Kyrgyz
547,Dyna,Snedker,dsnedkerf6@harvard.edu,Female,,547,Support,$4.80,Tamil
548,Rob,Crummey,rcrummeyf7@miitbeian.gov.cn,Male,,548,Services,$1.20,Northern Sotho
549,Conni,Ladyman,cladymanf8@apple.com,Female,,549,Support,$6.93,Malay
550,Maury,Lesser,mlesserf9@timesonline.co.uk,Male,,550,Engineering,$4.49,Norwegian
551,Scotty,Cutchee,scutcheefa@trellian.com,Male,,551,Accounting,$5.71,Montenegrin
552,Travers,Lincey,tlinceyfb@github.com,Male,,552,Sales,$9.78,Mongolian
553,Gabie,Franscioni,gfranscionifc@home.pl,Female,,553,Business Development,$1.90,Khmer
554,Darrel,Frood,dfroodfd@nps.gov,Male,,554,Legal,$8.14,Estonian
555,Annadiane,Brightman,abrightmanfe@cocolog-nifty.com,Bigender,,555,Training,$5.74,Japanese
556,Angelo,Ianilli,aianilliff@edublogs.org,Male,,556,Product Management,$6.55,Lao
557,Gabriella,Wilgar,gwilgarfg@feedburner.com,Female,,557,Research and Development,$3.38,Quechua
558,Norrie,Simmonett,nsimmonettfh@kickstarter.com,Male,,558,Product Management,$7.33,Afrikaans
559,Hiram,Churchouse,hchurchousefi@desdev.cn,Male,,559,Engineering,$0.84,French
560,Morganica,Elstow,melstowfj@spiegel.de,Female,,560,Product Management,$6.24,Quechua
561,Darill,Cronshaw,dcronshawfk@discovery.com,Male,Setúbal,561,Legal,$9.45,Luxembourgish
562,Barbey,Paur,bpaurfl@drupal.org,Female,,562,Business Development,$2.61,Marathi
563,Francklin,Belone,fbelonefm@admin.ch,Male,,563,Legal,$0.77,Polish
564,Silvio,Poleye,spoleyefn@reference.com,Male,,564,Sales,$8.83,Hungarian
565,Nilson,Goddard,ngoddardfo@salon.com,Male,Portalegre,565,Accounting,$4.50,Indonesian
566,Isidro,Sexty,isextyfp@admin.ch,Male,,566,Business Development,$3.35,Azeri
567,Latrena,Haslin,lhaslinfq@stanford.edu,Female,Puebla,567,Product Management,$3.80,Quechua
568,Obie,McCollum,omccollumfr@webs.com,Male,,568,Business Development,$2.95,Romanian
569,Alanah,Muckle,amucklefs@freewebs.com,Female,,569,Business Development,$6.93,Filipino
570,Noellyn,Zold,nzoldft@pcworld.com,Female,,570,Engineering,$4.80,Telugu
571,Dulciana,Jozefczak,djozefczakfu@theglobeandmail.com,Female,,571,Accounting,$5.02,Finnish
572,Lucita,Segebrecht,lsegebrechtfv@icq.com,Female,,572,Services,$7.23,Nepali
573,Fabien,Hedge,fhedgefw@yahoo.com,Male,,573,Research and Development,$5.48,Tok Pisin
574,Gretta,Staniland,gstanilandfx@php.net,Female,,574,Product Management,$9.88,Punjabi
575,Joey,Fulloway,jfullowayfy@networksolutions.com,Female,,575,Support,$3.89,Haitian Creole
576,Bran,Stickney,bstickneyfz@go.com,Male,Saskatchewan,576,Support,$8.87,Swati
577,Teddi,Jerrand,tjerrandg0@ucoz.com,Female,,577,Product Management,$0.70,Guaraní
578,Paton,Wackett,pwackettg1@patch.com,Male,Aveiro,578,Business Development,$7.38,Estonian
579,Miguela,Boothroyd,mboothroydg2@ted.com,Female,,579,Support,$8.39,Dutch
580,Morty,Padrick,mpadrickg3@dell.com,Male,,580,Services,$2.76,Māori
581,Humfrey,McAdam,hmcadamg4@privacy.gov.au,Male,,581,Sales,$9.03,Kyrgyz
582,Renelle,Peet,rpeetg5@chronoengine.com,Female,,582,Legal,$1.49,Marathi
583,Ted,Burdekin,tburdeking6@amazon.co.jp,Male,,583,Training,$3.66,Telugu
584,Clementia,Cajkler,ccajklerg7@washington.edu,Non-binary,,584,Training,$1.33,Irish Gaelic
585,Rupert,Eskriet,reskrietg8@tamu.edu,Male,Setúbal,585,Legal,$8.61,Finnish
586,Bald,Diprose,bdiproseg9@prweb.com,Male,Pays de la Loire,586,Accounting,$5.05,Gagauz
587,Don,Glowinski,dglowinskiga@ted.com,Male,,587,Training,$9.99,Filipino
588,Mikkel,Shawyer,mshawyergb@rediff.com,Male,,588,Sales,$4.48,Burmese
589,Mychal,Terzza,mterzzagc@intel.com,Male,,589,Human Resources,$8.84,Lao
590,Kelley,Ternouth,kternouthgd@mit.edu,Male,,590,Services,$3.21,Kurdish
591,Preston,Longstreet,plongstreetge@mtv.com,Genderfluid,,591,Business Development,$8.34,Moldovan
592,Timotheus,Fahy,tfahygf@walmart.com,Male,,592,Support,$2.42,Montenegrin
593,Leslie,Lazenbury,llazenburygg@shinystat.com,Male,,593,Product Management,$5.87,Ndebele
594,Jan,Dipple,jdipplegh@whitehouse.gov,Female,,594,Human Resources,$0.93,Lao
595,Jerrine,Prattin,jprattingi@woothemes.com,Female,,595,Human Resources,$6.04,Thai
596,Cathryn,Cutmere,ccutmeregj@nba.com,Female,,596,Accounting,$3.53,Montenegrin
597,Nan,Barhems,nbarhemsgk@ifeng.com,Female,,597,Legal,$6.97,Marathi
598,Bank,Studeart,bstudeartgl@shinystat.com,Male,Bretagne,598,Accounting,$7.26,Oriya
599,Christabella,Varrow,cvarrowgm@apple.com,Female,,599,Legal,$9.78,Punjabi
600,Shannah,Pearson,spearsongn@reverbnation.com,Female,Lisboa,600,Legal,$5.39,Ndebele
601,Mahala,Bottoms,mbottomsgo@nasa.gov,Female,,601,Research and Development,$7.96,Nepali
602,Libbie,Sansam,lsansamgp@xinhuanet.com,Female,,602,Services,$6.09,Greek
603,Maiga,Golden of Ireland,mgoldenofirelandgq@shareasale.com,Female,Coimbra,603,Training,$9.61,Amharic
604,Kathi,Longden,klongdengr@php.net,Female,,604,Business Development,$9.09,Icelandic
605,Christen,Valens-Smith,cvalenssmithgs@ow.ly,Female,,605,Engineering,$2.26,Italian
606,Judon,Ingon,jingongt@usnews.com,Genderqueer,,606,Marketing,$6.24,Kurdish
607,Ange,St Louis,astlouisgu@answers.com,Male,,607,Sales,$0.41,Kannada
608,Karia,Spurritt,kspurrittgv@hatena.ne.jp,Female,Braga,608,Research and Development,$6.08,Croatian
609,Clemente,Jarrard,cjarrardgw@histats.com,Male,Sachsen-Anhalt,609,Support,$2.04,English
610,Datha,Placstone,dplacstonegx@boston.com,Female,,610,Services,$6.57,Swati
611,Rochester,Nice,rnicegy@moonfruit.com,Male,,611,Sales,$5.30,Kazakh
612,Tessi,Odby,todbygz@wsj.com,Female,,612,Product Management,$4.56,Dzongkha
613,Rosanne,McMeanma,rmcmeanmah0@tiny.cc,Female,Stockholm,613,Accounting,$8.54,Georgian
614,Burton,Oyley,boyleyh1@hc360.com,Male,,614,Support,$5.00,Moldovan
615,Stearn,Matessian,smatessianh2@lulu.com,Male,,615,Sales,$9.20,Northern Sotho
616,Agatha,Fleote,afleoteh3@printfriendly.com,Female,,616,Engineering,$0.87,Assamese
617,Malcolm,Barradell,mbarradellh4@columbia.edu,Male,,617,Training,$4.28,Portuguese
618,Woodie,Mathie,wmathieh5@ucsd.edu,Male,Braga,618,Sales,$9.08,Polish
619,Paige,Chasier,pchasierh6@purevolume.com,Female,,619,Legal,$6.12,Tamil
620,Demetria,Goodban,dgoodbanh7@php.net,Female,Pays de la Loire,620,Marketing,$1.68,Latvian
621,Robbie,Whitwham,rwhitwhamh8@linkedin.com,Female,,621,Human Resources,$2.10,Malagasy
622,Corny,Durrand,cdurrandh9@123-reg.co.uk,Female,,622,Product Management,$1.94,Tswana
623,Dukey,Belchamber,dbelchamberha@latimes.com,Male,,623,Business Development,$1.04,Croatian
624,Karie,Moverley,kmoverleyhb@pbs.org,Female,,624,Engineering,$4.55,Fijian
625,Maynard,Tolomei,mtolomeihc@tinyurl.com,Male,,625,Support,$7.05,Japanese
626,Clarence,Prantoni,cprantonihd@va.gov,Male,Oaxaca,626,Sales,$0.75,Haitian Creole
627,Marabel,Bagley,mbagleyhe@angelfire.com,Female,Västernorrland,627,Training,$1.71,Norwegian
628,Shane,Snarr,ssnarrhf@wikimedia.org,Female,,628,Business Development,$1.80,Croatian
629,Shena,Jurczak,sjurczakhg@storify.com,Female,,629,Legal,$5.93,Nepali
630,Fransisco,Hanaby,fhanabyhh@xrea.com,Male,,630,Research and Development,$9.04,Afrikaans
631,Christina,Betterton,cbettertonhi@goo.ne.jp,Female,,631,Sales,$9.32,Amharic
632,Alyse,McCready,amccreadyhj@bloglovin.com,Female,Kuala Lumpur,632,Business Development,$4.46,Guaraní
633,Caroljean,Proppers,cproppershk@gmpg.org,Female,Texas,633,Research and Development,$5.99,Gagauz
634,Abigail,Leitche,aleitchehl@yandex.ru,Female,,634,Marketing,$9.31,Swedish
635,Mischa,Rosenau,mrosenauhm@census.gov,Male,,635,Engineering,$4.44,Finnish
636,Ritchie,Chattey,rchatteyhn@ustream.tv,Male,Alsace,636,Engineering,$9.10,West Frisian
637,Thomasina,Conti,tcontiho@ezinearticles.com,Female,,637,Support,$0.72,Hiri Motu
638,Merrel,Blazy,mblazyhp@seesaa.net,Male,,638,Human Resources,$7.50,Kazakh
639,Jock,Young,jyounghq@barnesandnoble.com,Male,,639,Business Development,$5.26,Hebrew
640,Bogey,Sleaford,bsleafordhr@usnews.com,Male,,640,Product Management,$5.27,Oriya
641,Keelby,Tipler,ktiplerhs@mediafire.com,Male,,641,Human Resources,$1.53,Hungarian
642,Agneta,Davenell,adavenellht@rediff.com,Female,,642,Engineering,$7.43,Persian
643,Michaeline,Malek,mmalekhu@hud.gov,Female,,643,Accounting,$7.38,Yiddish
644,Alister,Boadby,aboadbyhv@prweb.com,Male,,644,Sales,$8.88,German
645,Delia,Luetkemeyers,dluetkemeyershw@netscape.com,Female,,645,Research and Development,$2.48,Lao
646,Derward,Nenci,dnencihx@pagesperso-orange.fr,Male,,646,Business Development,$4.03,Filipino
647,Lin,Paszak,lpaszakhy@symantec.com,Male,,647,Sales,$1.48,Nepali
648,Ivy,Watt,iwatthz@timesonline.co.uk,Female,,648,Legal,$0.34,Indonesian
649,Shaylah,Moulds,smouldsi0@phpbb.com,Female,,649,Engineering,$4.86,Danish
650,Elka,Benardet,ebenardeti1@timesonline.co.uk,Female,,650,Human Resources,$4.18,Quechua
651,Karine,Klimkowski,kklimkowskii2@deviantart.com,Polygender,,651,Accounting,$2.61,Malay
652,Hyacintha,Dendle,hdendlei3@rambler.ru,Female,,652,Accounting,$9.35,Azeri
653,Cornall,Ghest,cghesti4@guardian.co.uk,Male,,653,Support,$9.98,French
654,Meredeth,Daniell,mdanielli5@ucsd.edu,Male,,654,Product Management,$0.51,Papiamento
655,Dillon,Fullwood,dfullwoodi6@theatlantic.com,Male,Porto,655,Sales,$1.63,Swedish
656,Sumner,Gaffon,sgaffoni7@cnbc.com,Male,,656,Engineering,$8.37,Oriya
657,Rickey,Cariss,rcarissi8@multiply.com,Male,,657,Marketing,$4.85,Croatian
658,Jaynell,Kubatsch,jkubatschi9@pcworld.com,Female,,658,Support,$6.11,Dhivehi
659,Olympia,Filkov,ofilkovia@mashable.com,Female,,659,Engineering,$4.64,Yiddish
660,Gerik,Rayner,graynerib@arizona.edu,Male,,660,Sales,$5.98,Malay
661,Flory,Mancktelow,fmancktelowic@answers.com,Female,,661,Services,$6.74,Portuguese
662,Davie,Plane,dplaneid@ca.gov,Male,Lisboa,662,Research and Development,$0.88,Guaraní
663,Jeannette,Sapwell,jsapwellie@tinypic.com,Female,Bretagne,663,Legal,$3.91,Azeri
664,Jenni,Rosenzwig,jrosenzwigif@netscape.com,Female,,664,Training,$8.41,Catalan
665,Cecil,Cracoe,ccracoeig@newsvine.com,Male,,665,Support,$6.22,Quechua
666,Shawnee,Woodland,swoodlandih@state.gov,Female,,666,Sales,$7.50,Armenian
667,Dolli,Walkinshaw,dwalkinshawii@mashable.com,Female,,667,Human Resources,$5.46,Greek
668,Phil,Vaux,pvauxij@vinaora.com,Male,,668,Support,$6.06,Swati
669,Mattie,Coppens,mcoppensik@businessweek.com,Male,,669,Sales,$5.44,Gagauz
670,Eula,Montilla,emontillail@globo.com,Female,,670,Services,$9.31,Afrikaans
671,Charis,Pinilla,cpinillaim@cornell.edu,Female,,671,Product Management,$6.23,Luxembourgish
672,Kristopher,Guierre,kguierrein@seattletimes.com,Male,,672,Services,$3.30,Norwegian
673,Rice,Stidston,rstidstonio@sun.com,Male,,673,Research and Development,$4.21,Tamil
674,Gennifer,Oddey,goddeyip@hexun.com,Female,,674,Sales,$0.48,Danish
675,Domenic,Bothe,dbotheiq@ucla.edu,Agender,,675,Engineering,$0.91,Fijian
676,Krisha,Sowten,ksowtenir@shop-pro.jp,Agender,Stockholm,676,Training,$3.87,Greek
677,Hussein,Settle,hsettleis@dell.com,Male,,677,Research and Development,$5.27,New Zealand Sign Language
678,Karlyn,Blackler,kblacklerit@geocities.jp,Female,Aveiro,678,Accounting,$0.93,Indonesian
679,Tandie,McMurray,tmcmurrayiu@bbc.co.uk,Non-binary,,679,Business Development,$3.99,Quechua
680,Irma,Eacle,ieacleiv@intel.com,Female,,680,Training,$9.68,Hungarian
681,Gleda,Cornthwaite,gcornthwaiteiw@unc.edu,Female,Ontario,681,Human Resources,$4.47,Chinese
682,Pete,Congreave,pcongreaveix@theglobeandmail.com,Male,,682,Training,$9.07,Assamese
683,Dotty,Brigginshaw,dbrigginshawiy@so-net.ne.jp,Female,Québec,683,Legal,$9.73,German
684,Talyah,Girardot,tgirardotiz@dion.ne.jp,Female,,684,Training,$0.38,Finnish
685,Adaline,Gabbitus,agabbitusj0@blogspot.com,Female,,685,Training,$6.00,Lithuanian
686,Ellette,Fearnside,efearnsidej1@ameblo.jp,Female,,686,Legal,$8.98,Danish
687,Ely,Dory,edoryj2@usda.gov,Male,North Carolina,687,Product Management,$4.62,Swati
688,Carol-jean,Biggerstaff,cbiggerstaffj3@xrea.com,Female,,688,Marketing,$2.16,Azeri
689,Sidoney,Teligin,steliginj4@economist.com,Female,Porto,689,Support,$0.33,Tajik
690,Zaccaria,Isack,zisackj5@msn.com,Male,,690,Support,$8.32,Malayalam
691,Sidoney,Tuer,stuerj6@indiegogo.com,Female,,691,Engineering,$4.67,Montenegrin
692,Earl,Roloff,eroloffj7@simplemachines.org,Male,New York,692,Sales,$2.84,Haitian Creole
693,Meagan,Mallaby,mmallabyj8@opensource.org,Female,,693,Legal,$4.36,Swedish
694,Milty,Aloshechkin,maloshechkinj9@oaic.gov.au,Male,,694,Research and Development,$0.57,Telugu
695,Tammie,Sign,tsignja@wordpress.org,Polygender,,695,Services,$2.54,Quechua
696,Flor,Stenett,fstenettjb@netscape.com,Female,,696,Marketing,$4.93,Malay
697,Major,Akenhead,makenheadjc@weibo.com,Polygender,,697,Product Management,$1.98,Luxembourgish
698,Hirsch,Worsley,hworsleyjd@chronoengine.com,Male,Skåne,698,Research and Development,$8.78,Japanese
699,Chaim,Scarce,cscarceje@spotify.com,Male,,699,Business Development,$7.48,Afrikaans
700,Larry,Sommerled,lsommerledjf@ning.com,Bigender,,700,Support,$7.91,Filipino
701,Alejandrina,Spink,aspinkjg@ftc.gov,Female,,701,Business Development,$1.26,Korean
702,Loise,Yokelman,lyokelmanjh@facebook.com,Female,,702,Sales,$6.33,Pashto
703,Jemimah,Balsdone,jbalsdoneji@wisc.edu,Female,,703,Services,$0.24,Quechua
704,Aluino,Putland,aputlandjj@com.com,Male,,704,Services,$3.95,Indonesian
705,Doug,Huburn,dhuburnjk@utexas.edu,Male,,705,Accounting,$1.09,Assamese
706,Danyelle,Stote,dstotejl@upenn.edu,Female,,706,Human Resources,$5.76,Danish
707,Lind,Carmel,lcarmeljm@squarespace.com,Male,,707,Marketing,$6.48,Tetum
708,Scott,Newlin,snewlinjn@devhub.com,Male,,708,Support,$6.68,New Zealand Sign Language
709,Deborah,Simmance,dsimmancejo@house.gov,Female,,709,Research and Development,$3.67,Khmer
710,Ilse,Girardoni,igirardonijp@dailymotion.com,Female,,710,Sales,$0.53,French
711,Sal,Cool,scooljq@chron.com,Genderfluid,,711,Sales,$5.06,Northern Sotho
712,Devondra,Kirvell,dkirvelljr@washingtonpost.com,Female,,712,Accounting,$3.54,Tsonga
713,Inglebert,Jaslem,ijaslemjs@myspace.com,Male,,713,Support,$0.68,Luxembourgish
714,Estel,MacCaughan,emaccaughanjt@a8.net,Female,,714,Marketing,$4.90,Malay
715,Shawn,Wooles,swoolesju@etsy.com,Male,,715,Training,$6.62,Swedish
716,Burton,Winsley,bwinsleyjv@dedecms.com,Male,,716,Sales,$9.16,Arabic
717,Hadria,Ferraron,hferraronjw@pbs.org,Female,,717,Training,$2.14,Tswana
718,Sigismundo,Bassett,sbassettjx@drupal.org,Male,,718,Product Management,$9.24,Gagauz
719,Cort,Batthew,cbatthewjy@nymag.com,Male,,719,Legal,$1.36,Tswana
720,Brit,Aylward,baylwardjz@dropbox.com,Male,,720,Services,$0.28,Armenian
721,Allyce,Tacon,ataconk0@google.co.uk,Female,,721,Business Development,$9.76,Oriya
722,Flora,Napleton,fnapletonk1@msu.edu,Female,,722,Product Management,$5.91,Bislama
723,Griffie,Verity,gverityk2@chronoengine.com,Male,,723,Legal,$4.49,Korean
724,Berkly,Gange,bgangek3@marketwatch.com,Male,,724,Legal,$9.26,Fijian
725,Edee,Gimbart,egimbartk4@shinystat.com,Female,,725,Sales,$0.04,Yiddish
726,Marylou,Peasegood,mpeasegoodk5@mayoclinic.com,Female,,726,Marketing,$8.55,Korean
727,Olia,Hannant,ohannantk6@wordpress.com,Female,Newfoundland and Labrador,727,Marketing,$4.66,Catalan
728,Ronni,Jaggar,rjaggark7@upenn.edu,Female,Guanajuato,728,Business Development,$7.80,Latvian
729,Pris,Handes,phandesk8@yellowpages.com,Female,,729,Product Management,$1.49,Burmese
730,Seamus,Tee,steek9@over-blog.com,Male,,730,Business Development,$8.94,Croatian
731,Bordy,Goublier,bgoublierka@pcworld.com,Male,,731,Training,$8.02,Kyrgyz
732,Stephan,Bodman,sbodmankb@yellowpages.com,Male,Québec,732,Legal,$6.75,Tsonga
733,Gabriel,Oxnam,goxnamkc@guardian.co.uk,Male,,733,Engineering,$9.44,Latvian
734,Torr,Zylbermann,tzylbermannkd@adobe.com,Male,,734,Sales,$4.06,Lao
735,Tony,Demougeot,tdemougeotke@netvibes.com,Female,,735,Sales,$5.73,Bulgarian
736,Idelle,Flanne,iflannekf@yandex.ru,Female,,736,Accounting,$7.89,Lao
737,Wendye,Gounin,wgouninkg@wiley.com,Female,,737,Product Management,$9.63,Dutch
738,Tomasine,Goodlad,tgoodladkh@domainmarket.com,Female,,738,Product Management,$8.46,Yiddish
739,Jyoti,Boddington,jboddingtonki@usda.gov,Female,,739,Accounting,$9.02,Zulu
740,Federica,Holgan,fholgankj@pcworld.com,Female,,740,Marketing,$8.11,Luxembourgish
741,Julie,Landrick,jlandrickkk@redcross.org,Male,,741,Support,$9.39,Pashto
742,Willdon,Yarrall,wyarrallkl@mayoclinic.com,Male,,742,Support,$7.33,Amharic
743,Quinton,Handrock,qhandrockkm@constantcontact.com,Bigender,,743,Support,$7.87,Burmese
744,Rodie,Cossem,rcossemkn@samsung.com,Female,Vila Real,744,Business Development,$6.47,Marathi
745,Valerie,Keward,vkewardko@timesonline.co.uk,Female,,745,Research and Development,$3.93,Assamese
746,Alfreda,Skilton,askiltonkp@ezinearticles.com,Female,,746,Services,$8.10,Icelandic
747,Jefferson,Napoleone,jnapoleonekq@purevolume.com,Male,,747,Sales,$4.81,Pashto
748,Joe,Pickup,jpickupkr@weibo.com,Male,,748,Marketing,$5.70,Swahili
749,Dorisa,McNeachtain,dmcneachtainks@alibaba.com,Female,Île-de-France,749,Sales,$2.29,Marathi
750,Arleen,Gammon,agammonkt@businessinsider.com,Female,,750,Sales,$6.47,Bislama
751,Hersch,Harler,hharlerku@photobucket.com,Male,,751,Product Management,$3.19,Danish
752,Mimi,Gerardet,mgerardetkv@independent.co.uk,Female,,752,Legal,$5.41,Romanian
753,Tommy,Caizley,tcaizleykw@google.com,Female,,753,Support,$1.97,Aymara
754,Aleta,Springate,aspringatekx@hubpages.com,Female,Guerrero,754,Business Development,$1.77,Yiddish
755,Gerald,Rief,griefky@springer.com,Male,,755,Legal,$4.49,Azeri
756,Benji,Hyde-Chambers,bhydechamberskz@reference.com,Male,,756,Business Development,$8.14,Estonian
757,Fabio,Bulcock,fbulcockl0@weebly.com,Male,,757,Product Management,$4.32,Lao
758,Yetta,Cadman,ycadmanl1@w3.org,Female,,758,Training,$2.47,Croatian
759,Waylon,Rzehorz,wrzehorzl2@ft.com,Male,,759,Accounting,$8.52,Croatian
760,Evangelia,Palffy,epalffyl3@va.gov,Female,,760,Engineering,$5.74,Malay
761,Sylas,Fudge,sfudgel4@simplemachines.org,Male,,761,Marketing,$8.21,Dutch
762,Brander,Longwood,blongwoodl5@geocities.com,Male,Viana do Castelo,762,Services,$0.46,Burmese
763,Suzette,Najera,snajeral6@opera.com,Female,,763,Research and Development,$3.81,Malagasy
764,Lowe,Jaime,ljaimel7@merriam-webster.com,Male,,764,Sales,$2.64,Pashto
765,Terry,Lonie,tloniel8@canalblog.com,Female,,765,Support,$6.93,Telugu
766,Emmye,Brislane,ebrislanel9@ovh.net,Genderfluid,Västra Götaland,766,Marketing,$7.93,Dutch
767,Doretta,Berney,dberneyla@ox.ac.uk,Female,,767,Engineering,$7.59,Catalan
768,Sigismondo,Beynkn,sbeynknlb@bloomberg.com,Male,,768,Business Development,$1.07,Marathi
769,Garrard,Revely,grevelylc@businessinsider.com,Male,,769,Engineering,$5.66,Maltese
770,Joellen,Marlon,jmarlonld@spiegel.de,Female,,770,Services,$9.99,Bosnian
771,Northrup,Kipping,nkippingle@dropbox.com,Bigender,,771,Support,$7.97,Persian
772,Carr,Adlam,cadlamlf@nytimes.com,Male,,772,Support,$7.52,Tajik
773,Matty,Signe,msignelg@msn.com,Female,,773,Training,$2.79,Northern Sotho
774,Madelin,Wolters,mwolterslh@blogs.com,Female,,774,Product Management,$2.49,Bengali
775,Hadleigh,Skirving,hskirvingli@mozilla.org,Male,,775,Product Management,$6.48,Hebrew
776,Reese,Mattacks,rmattackslj@chicagotribune.com,Male,,776,Business Development,$4.50,Croatian
777,Berkie,Grogor,bgrogorlk@paginegialle.it,Male,Aust-Agder,777,Engineering,$5.46,Japanese
778,Alix,Morritt,amorrittll@europa.eu,Female,,778,Engineering,$5.36,Kyrgyz
779,Rosabelle,Dibdale,rdibdalelm@umich.edu,Polygender,California,779,Marketing,$1.03,Korean
780,Lucilia,Oughtright,loughtrightln@1688.com,Female,,780,Marketing,$6.26,Maltese
781,Vernice,Rushford,vrushfordlo@skype.com,Female,,781,Support,$8.75,Hindi
782,Rodolfo,Wiggans,rwigganslp@github.io,Male,,782,Support,$2.32,German
783,Orren,Grut,ogrutlq@mashable.com,Male,,783,Sales,$4.15,Polish
784,Doralynne,Hinkley,dhinkleylr@washingtonpost.com,Female,,784,Research and Development,$7.00,Dhivehi
785,Cornelle,Athowe,cathowels@ucoz.com,Female,,785,Engineering,$8.06,West Frisian
786,Elwood,Crebbin,ecrebbinlt@cpanel.net,Male,,786,Accounting,$8.27,Kashmiri
787,Silva,Wackley,swackleylu@wikimedia.org,Female,,787,Research and Development,$0.53,Assamese
788,Lucienne,Monkleigh,lmonkleighlv@theatlantic.com,Female,,788,Product Management,$6.10,German
789,Theressa,Purshouse,tpurshouselw@amazon.co.uk,Female,,789,Training,$6.96,Guaraní
790,Jameson,Warde,jwardelx@wordpress.org,Male,,790,Training,$1.98,Fijian
791,Bob,Minucci,bminuccily@miitbeian.gov.cn,Male,,791,Legal,$9.48,Persian
792,Trey,Harkin,tharkinlz@sohu.com,Male,Pahang,792,Engineering,$4.26,Mongolian
793,Luigi,Braddick,lbraddickm0@scientificamerican.com,Male,,793,Human Resources,$4.90,Persian
794,Christy,Overland,coverlandm1@wisc.edu,Female,,794,Marketing,$9.01,Romanian
795,Boy,Findlay,bfindlaym2@washington.edu,Male,,795,Sales,$5.99,Kazakh
796,Rudolph,Haucke,rhauckem3@technorati.com,Male,,796,Sales,$5.85,Macedonian
797,Carolyn,O'Hdirscoll,cohdirscollm4@usnews.com,Female,,797,Business Development,$3.40,New Zealand Sign Language
798,Briant,Pietrasik,bpietrasikm5@cpanel.net,Male,,798,Business Development,$0.69,Dhivehi
799,Mallissa,Moyles,mmoylesm6@ameblo.jp,Female,,799,Business Development,$2.25,Amharic
800,Pauline,Reeves,preevesm7@typepad.com,Female,,800,Sales,$3.62,Norwegian
801,Rafa,Giabucci,rgiabuccim8@google.fr,Female,,801,Business Development,$8.09,Somali
802,Saunderson,Bartels,sbartelsm9@oracle.com,Male,,802,Human Resources,$2.87,Marathi
803,Marillin,Plascott,mplascottma@storify.com,Female,,803,Marketing,$1.49,Estonian
804,Theodor,Jorez,tjorezmb@artisteer.com,Male,,804,Legal,$8.89,Kyrgyz
805,Beale,MacMorland,bmacmorlandmc@squidoo.com,Male,,805,Legal,$0.87,Spanish
806,Con,Borles,cborlesmd@imageshack.us,Bigender,,806,Research and Development,$2.91,Kyrgyz
807,Kamilah,Mulles,kmullesme@zimbio.com,Female,Aquitaine,807,Product Management,$2.07,Gagauz
808,Milka,Mor,mmormf@facebook.com,Female,,808,Training,$0.31,Tok Pisin
809,Stafani,Stamp,sstampmg@state.tx.us,Female,,809,Engineering,$8.80,Albanian
810,Alec,Lathleiffure,alathleiffuremh@amazon.de,Male,,810,Sales,$7.44,Lithuanian
811,Terri-jo,Caw,tcawmi@unesco.org,Female,,811,Research and Development,$5.71,Thai
812,Vinita,Johnikin,vjohnikinmj@icq.com,Female,,812,Product Management,$7.97,Assamese
813,Raychel,Geratasch,rgerataschmk@webmd.com,Female,,813,Marketing,$4.02,Lithuanian
814,Albina,Ingrem,aingremml@utexas.edu,Genderfluid,,814,Accounting,$1.76,Tetum
815,Arleen,Brisseau,abrisseaumm@oakley.com,Female,,815,Business Development,$6.61,Aymara
816,Forester,Mangon,fmangonmn@google.com.au,Male,,816,Legal,$1.71,Amharic
817,Desiri,Carrane,dcarranemo@wix.com,Female,Melaka,817,Research and Development,$6.50,Armenian
818,Eddy,Chasmoor,echasmoormp@time.com,Male,,818,Sales,$4.32,Mongolian
819,Irwinn,Wiltsher,iwiltshermq@google.pl,Male,,819,Human Resources,$8.55,Haitian Creole
820,Obie,Gavrielly,ogavriellymr@hugedomains.com,Male,,820,Sales,$9.46,Arabic
821,Aurelia,McGrae,amcgraems@hc360.com,Female,Virginia,821,Sales,$3.37,Estonian
822,Maximilien,Cornfoot,mcornfootmt@dion.ne.jp,Male,,822,Engineering,$5.66,Armenian
823,Sayres,Petera,speteramu@istockphoto.com,Male,,823,Support,$5.02,Portuguese
824,Borg,Ferraro,bferraromv@taobao.com,Male,,824,Services,$6.47,Guaraní
825,Nowell,Crackel,ncrackelmw@shop-pro.jp,Non-binary,,825,Training,$6.52,Polish
826,Raquel,Ashtonhurst,rashtonhurstmx@stanford.edu,Female,,826,Engineering,$3.26,Fijian
827,Iver,Ferson,ifersonmy@hibu.com,Male,,827,Legal,$1.14,Croatian
828,Adolf,Rivelon,arivelonmz@behance.net,Male,,828,Sales,$0.89,Kannada
829,Caspar,Clelle,cclellen0@cbc.ca,Polygender,Västra Götaland,829,Training,$6.91,Burmese
830,Cristian,Witz,cwitzn1@biblegateway.com,Non-binary,,830,Human Resources,$4.47,Telugu
831,Gwenore,Ashtonhurst,gashtonhurstn2@ebay.co.uk,Female,,831,Human Resources,$2.05,Kannada
832,Billy,Francom,bfrancomn3@comsenz.com,Female,,832,Business Development,$4.82,Korean
833,Reinold,Bitcheno,rbitchenon4@bloglines.com,Male,,833,Sales,$6.32,Kazakh
834,Mavis,Tessier,mtessiern5@comsenz.com,Female,,834,Business Development,$2.38,New Zealand Sign Language
835,Law,Osmint,losmintn6@webs.com,Male,New Brunswick,835,Marketing,$0.61,Burmese
836,Jocelyn,Ormrod,jormrodn7@xrea.com,Female,,836,Human Resources,$8.25,Tetum
837,Kareem,Goodsall,kgoodsalln8@nsw.gov.au,Male,,837,Marketing,$3.33,Romanian
838,Bastien,Merriott,bmerriottn9@nymag.com,Male,,838,Sales,$4.97,Afrikaans
839,Shel,Dencs,sdencsna@wikia.com,Female,Porto,839,Support,$6.36,Fijian
840,Howey,Blune,hblunenb@lulu.com,Male,,840,Marketing,$4.59,Fijian
841,Lalo,Baulcombe,lbaulcombenc@edublogs.org,Male,,841,Marketing,$2.93,Swedish
842,Jacquette,Cocci,jcoccind@army.mil,Female,,842,Accounting,$3.92,Bulgarian
843,Milton,MacCawley,mmaccawleyne@columbia.edu,Male,,843,Support,$3.82,Quechua
844,Willard,Pietruszka,wpietruszkanf@networkadvertising.org,Male,,844,Services,$4.75,Hiri Motu
845,Rozelle,Crim,rcrimng@biblegateway.com,Female,,845,Human Resources,$8.33,Khmer
846,Eleanora,Ennals,eennalsnh@ucsd.edu,Female,,846,Services,$5.78,Punjabi
847,Ronny,Chismon,rchismonni@webs.com,Male,,847,Training,$2.36,Armenian
848,Tobit,Prazor,tprazornj@vk.com,Male,,848,Marketing,$1.36,Portuguese
849,Humfrid,Lealle,hleallenk@aboutads.info,Male,Västra Götaland,849,Marketing,$7.20,Montenegrin
850,Cassius,Lightwing,clightwingnl@timesonline.co.uk,Male,,850,Accounting,$6.45,Swati
851,Rusty,Liver,rlivernm@hibu.com,Male,,851,Training,$3.53,Czech
852,Livvy,Aizikov,laizikovnn@tripod.com,Female,,852,Human Resources,$3.50,Maltese
853,Wang,Farrall,wfarrallno@themeforest.net,Male,,853,Business Development,$6.79,Dari
854,Lizette,Ribchester,lribchesternp@comcast.net,Female,,854,Legal,$7.87,Amharic
855,Hobey,Jenteau,hjenteaunq@hc360.com,Male,Jönköping,855,Research and Development,$2.76,Polish
856,Jodi,Hitscher,jhitschernr@webnode.com,Female,,856,Engineering,$1.04,Papiamento
857,Erna,Wetwood,ewetwoodns@shareasale.com,Female,,857,Training,$4.95,Swahili
858,Alley,Dominguez,adomingueznt@imageshack.us,Male,,858,Support,$4.59,Polish
859,Prue,Bugg,pbuggnu@imgur.com,Female,,859,Research and Development,$8.03,Kazakh
860,Clyde,Longlands,clonglandsnv@unc.edu,Non-binary,,860,Business Development,$9.35,Pashto
861,Riane,Lincke,rlinckenw@weather.com,Female,,861,Services,$7.31,Tamil
862,Jeanette,Elstone,jelstonenx@opensource.org,Female,Wisconsin,862,Engineering,$9.80,Lao
863,Linnet,MacCarter,lmaccarterny@cyberchimps.com,Female,,863,Sales,$4.79,Dzongkha
864,Darnall,Barwood,dbarwoodnz@hud.gov,Male,,864,Services,$5.49,Georgian
865,Brooks,Habben,bhabbeno0@psu.edu,Female,,865,Accounting,$6.23,Haitian Creole
866,Cherish,Northgraves,cnorthgraveso1@boston.com,Female,,866,Human Resources,$1.63,Tswana
867,Ellary,Scalia,escaliao2@newsvine.com,Male,Rhône-Alpes,867,Services,$7.41,Polish
868,Ashli,Chomicki,achomickio3@cmu.edu,Female,,868,Sales,$3.24,Aymara
869,Burr,Bellwood,bbellwoodo4@seattletimes.com,Male,,869,Sales,$9.17,Bosnian
870,Juliette,MacDonell,jmacdonello5@artisteer.com,Female,,870,Product Management,$8.03,Norwegian
871,Bob,Littler,blittlero6@bloglovin.com,Male,,871,Marketing,$5.57,Luxembourgish
872,Perceval,Wiltsher,pwiltshero7@netvibes.com,Male,,872,Research and Development,$7.81,Catalan
873,Cristobal,MacQuarrie,cmacquarrieo8@wunderground.com,Male,,873,Training,$1.01,Dhivehi
874,Nelli,O'Noulane,nonoulaneo9@wordpress.org,Female,,874,Sales,$2.38,Haitian Creole
875,Danyette,Varley,dvarleyoa@trellian.com,Female,,875,Training,$8.89,Dutch
876,Ralph,Luty,rlutyob@google.nl,Male,Coimbra,876,Engineering,$2.68,Italian
877,Gregory,Everest,geverestoc@usnews.com,Polygender,,877,Human Resources,$4.79,Spanish
878,Chiarra,Rigglesford,crigglesfordod@marriott.com,Female,,878,Research and Development,$0.45,Ndebele
879,Kelsi,Cummine,kcummineoe@hhs.gov,Female,,879,Support,$1.17,Telugu
880,Leone,Daoust,ldaoustof@wsj.com,Polygender,,880,Product Management,$7.19,Punjabi
881,Clemens,Ferroli,cferroliog@chron.com,Bigender,,881,Services,$8.74,Zulu
882,Marylee,Sharply,msharplyoh@unicef.org,Female,,882,Marketing,$2.90,Aymara
883,Ebonee,Fibbens,efibbensoi@mashable.com,Female,,883,Research and Development,$4.19,Tsonga
884,Lazaro,Roan,lroanoj@chron.com,Male,,884,Support,$7.01,Azeri
885,Gradeigh,Grabbam,ggrabbamok@omniture.com,Genderfluid,,885,Accounting,$5.41,Tajik
886,Heall,Kibel,hkibelol@archive.org,Male,Poitou-Charentes,886,Services,$1.85,Hiri Motu
887,Lydon,Hamelyn,lhamelynom@about.com,Male,,887,Engineering,$5.78,Burmese
888,Orv,Spindler,ospindleron@ebay.com,Male,,888,Business Development,$8.69,Irish Gaelic
889,Gerrard,Tabourel,gtaboureloo@earthlink.net,Male,,889,Engineering,$1.21,Oriya
890,Lenka,O'Fihillie,lofihillieop@sciencedaily.com,Female,,890,Sales,$1.91,Dutch
891,Marleen,Tetlow,mtetlowoq@newyorker.com,Female,,891,Sales,$2.10,Arabic
892,Tiphani,Stockwell,tstockwellor@go.com,Female,,892,Research and Development,$5.44,Telugu
893,Ebba,Kordes,ekordesos@linkedin.com,Female,Provincie Noord-Brabant,893,Sales,$5.92,Spanish
894,Caddric,Schneidar,cschneidarot@wp.com,Male,,894,Research and Development,$2.83,Greek
895,Sascha,Lanphier,slanphierou@dropbox.com,Male,Viseu,895,Support,$9.04,Arabic
896,Allyce,Grassi,agrassiov@statcounter.com,Female,,896,Product Management,$4.08,Kashmiri
897,Brendon,MacScherie,bmacscherieow@usa.gov,Male,,897,Product Management,$1.37,Sotho
898,Marijn,Bernardino,mbernardinoox@google.com.br,Male,,898,Sales,$7.88,Latvian
899,Cara,Tuplin,ctuplinoy@paypal.com,Female,,899,Business Development,$3.68,Fijian
900,Nial,Straneo,nstraneooz@wordpress.com,Male,Ohio,900,Engineering,$4.03,New Zealand Sign Language
901,Jeremie,Cayle,jcaylep0@reference.com,Male,,901,Engineering,$8.32,Zulu
902,Anson,Berthouloume,aberthouloumep1@umn.edu,Male,,902,Product Management,$7.89,Hebrew
903,Margaretha,Skellorne,mskellornep2@apple.com,Female,,903,Engineering,$1.53,Malagasy
904,Salim,Aguirre,saguirrep3@washington.edu,Male,,904,Research and Development,$7.78,Swati
905,Sile,Allaway,sallawayp4@cargocollective.com,Female,,905,Sales,$3.38,Kazakh
906,Ronnie,Keneforde,rkenefordep5@tumblr.com,Male,Setúbal,906,Research and Development,$2.74,Malayalam
907,Ashton,Basset,abassetp6@creativecommons.org,Male,,907,Accounting,$0.09,Tok Pisin
908,Gaby,Reany,greanyp7@shinystat.com,Male,,908,Business Development,$8.68,Norwegian
909,Joseito,Harte,jhartep8@dailymail.co.uk,Male,Martinique,909,Business Development,$7.05,Afrikaans
910,Cleavland,Stanbra,cstanbrap9@ustream.tv,Male,,910,Services,$6.13,Assamese
911,Gael,Yvens,gyvenspa@bloglovin.com,Male,,911,Engineering,$3.87,Chinese
912,Shoshanna,Marshalleck,smarshalleckpb@sourceforge.net,Female,,912,Human Resources,$5.96,Northern Sotho
913,Artie,Minerdo,aminerdopc@yelp.com,Male,Bourgogne,913,Support,$4.83,Kannada
914,Wiatt,Colbourne,wcolbournepd@studiopress.com,Male,,914,Engineering,$8.15,Kashmiri
915,Sharlene,Skip,sskippe@addtoany.com,Female,,915,Product Management,$6.21,Malay
916,Meggi,Licari,mlicaripf@naver.com,Female,,916,Research and Development,$2.68,Tetum
917,Chick,Kenion,ckenionpg@google.com.br,Male,,917,Accounting,$3.05,Yiddish
918,Nevsa,Rickesies,nrickesiesph@csmonitor.com,Female,,918,Support,$1.83,Romanian
919,Halley,Beddows,hbeddowspi@so-net.ne.jp,Female,,919,Marketing,$7.04,Kazakh
920,Stefan,Beneix,sbeneixpj@com.com,Male,,920,Business Development,$0.60,Papiamento
921,Klaus,Peskin,kpeskinpk@parallels.com,Bigender,,921,Sales,$7.74,Hebrew
922,Augustine,Park,aparkpl@cocolog-nifty.com,Female,,922,Engineering,$9.36,Azeri
923,Jacklin,Fawlkes,jfawlkespm@craigslist.org,Female,,923,Engineering,$3.25,Fijian
924,Alberto,Miquelet,amiqueletpn@businessinsider.com,Male,,924,Marketing,$7.43,Telugu
925,Trix,Hulance,thulancepo@businessinsider.com,Female,,925,Support,$7.98,Swahili
926,Noreen,Davenall,ndavenallpp@yahoo.com,Female,,926,Human Resources,$1.57,Oriya
927,Prince,Reast,preastpq@wordpress.com,Male,,927,Services,$3.13,Tamil
928,Dun,Rosengart,drosengartpr@nasa.gov,Male,,928,Business Development,$0.67,Albanian
929,Martelle,Flinn,mflinnps@marriott.com,Female,,929,Business Development,$9.72,Hindi
930,Tris,Eales,tealespt@friendfeed.com,Male,,930,Support,$7.60,Kannada
931,Mason,Shellsheere,mshellsheerepu@sohu.com,Male,,931,Product Management,$8.53,Malayalam
932,Coretta,Rodgman,crodgmanpv@fotki.com,Female,,932,Human Resources,$0.86,Swati
933,Arleta,Dominicacci,adominicaccipw@wisc.edu,Female,,933,Sales,$5.44,Amharic
934,Joelly,Abbotson,jabbotsonpx@sakura.ne.jp,Female,,934,Training,$9.06,Dutch
935,Anna-diana,Pepper,apepperpy@bloglovin.com,Female,Newfoundland and Labrador,935,Human Resources,$2.67,Hungarian
936,Nikki,Lewing,nlewingpz@comsenz.com,Female,,936,Product Management,$9.28,Tajik
937,Nissie,Jedrzaszkiewicz,njedrzaszkiewiczq0@yale.edu,Female,,937,Marketing,$7.41,Nepali
938,Lilyan,Casillas,lcasillasq1@va.gov,Female,,938,Legal,$0.14,Bulgarian
939,Kania,de Merida,kdemeridaq2@yolasite.com,Female,,939,Human Resources,$2.02,Tok Pisin
940,Brady,Suero,bsueroq3@aol.com,Male,,940,Product Management,$7.89,Malay
941,Lenard,Fernie,lfernieq4@mtv.com,Male,,941,Services,$7.57,Bosnian
942,Esteban,Locks,elocksq5@live.com,Male,,942,Sales,$0.61,Irish Gaelic
943,Bryon,Blaylock,bblaylockq6@bandcamp.com,Male,,943,Training,$1.41,Malayalam
944,Sheff,Brydon,sbrydonq7@bloglovin.com,Male,,944,Human Resources,$5.75,Chinese
945,Sigfried,Romanelli,sromanelliq8@latimes.com,Male,,945,Support,$3.42,Tsonga
946,Erina,Glawsop,eglawsopq9@canalblog.com,Female,,946,Product Management,$0.84,Hindi
947,Lucia,Doog,ldoogqa@shop-pro.jp,Bigender,,947,Product Management,$8.31,Hindi
948,Larina,Sarten,lsartenqb@github.com,Female,,948,Research and Development,$5.47,Tswana
949,Currie,Meriguet,cmeriguetqc@businessweek.com,Male,,949,Training,$6.52,Icelandic
950,Xerxes,Yggo,xyggoqd@slideshare.net,Male,,950,Human Resources,$4.17,Mongolian
951,Marius,Warret,mwarretqe@e-recht24.de,Male,,951,Sales,$2.69,Nepali
952,Marianna,Jewar,mjewarqf@etsy.com,Female,,952,Marketing,$4.15,Bengali
953,Sid,Beri,sberiqg@bloglovin.com,Male,,953,Accounting,$8.34,Romanian
954,Albert,Joiner,ajoinerqh@washingtonpost.com,Male,,954,Engineering,$9.35,Punjabi
955,Frank,Stutt,fstuttqi@blinklist.com,Male,,955,Human Resources,$7.97,French
956,Evangelia,Ludlem,eludlemqj@elegantthemes.com,Female,Norrbotten,956,Legal,$4.05,Bosnian
957,Merv,MacCague,mmaccagueqk@ted.com,Male,,957,Engineering,$7.39,Kashmiri
958,Edgar,Giblin,egiblinql@tinypic.com,Male,,958,Research and Development,$7.34,Gujarati
959,Helenelizabeth,Phetteplace,hphetteplaceqm@vinaora.com,Female,,959,Training,$1.28,Romanian
960,Riccardo,Reimer,rreimerqn@umn.edu,Male,,960,Human Resources,$3.59,Danish
961,Jack,Ricardo,jricardoqo@howstuffworks.com,Male,Västra Götaland,961,Training,$6.94,Spanish
962,Violet,Chazelas,vchazelasqp@upenn.edu,Female,,962,Marketing,$4.44,Hiri Motu
963,Loren,McElvogue,lmcelvogueqq@t-online.de,Male,,963,Research and Development,$7.58,Oriya
964,Ewan,Greste,egresteqr@theguardian.com,Male,,964,Accounting,$2.17,Japanese
965,Minna,Iacobacci,miacobacciqs@hostgator.com,Female,,965,Accounting,$3.97,Hindi
966,Ronni,Gawthorp,rgawthorpqt@t.co,Female,Connecticut,966,Product Management,$6.10,Hiri Motu
967,Joete,De Benedetti,jdebenedettiqu@stanford.edu,Female,Scotland,967,Business Development,$2.11,Bulgarian
968,Gerick,Drain,gdrainqv@google.de,Male,,968,Marketing,$4.86,Japanese
969,Ned,Attlee,nattleeqw@ihg.com,Male,,969,Product Management,$1.84,Khmer
970,Luther,Parffrey,lparffreyqx@vistaprint.com,Male,,970,Product Management,$4.34,Gujarati
971,Wilow,Chatten,wchattenqy@newyorker.com,Female,,971,Services,$0.59,Macedonian
972,Diannne,Frays,dfraysqz@wikispaces.com,Female,,972,Product Management,$1.14,Armenian
973,Benjamin,Trenam,btrenamr0@nba.com,Male,Skåne,973,Human Resources,$0.28,Zulu
974,Tybalt,Bilbrooke,tbilbrooker1@newsvine.com,Male,,974,Product Management,$9.06,Burmese
975,Rudolf,Job,rjobr2@howstuffworks.com,Male,,975,Human Resources,$0.08,Irish Gaelic
976,Tonya,Gray,tgrayr3@freewebs.com,Female,,976,Training,$3.16,Lao
977,Wildon,Kliemann,wkliemannr4@cyberchimps.com,Male,,977,Product Management,$1.65,New Zealand Sign Language
978,Josie,Kinneally,jkinneallyr5@prnewswire.com,Female,,978,Marketing,$8.59,Luxembourgish
979,Alexandros,Dykins,adykinsr6@myspace.com,Male,,979,Services,$8.48,Kashmiri
980,Lynnelle,Cosgrave,lcosgraver7@4shared.com,Female,,980,Support,$7.07,Persian
981,Monica,Smythin,msmythinr8@cnbc.com,Female,,981,Research and Development,$2.76,Norwegian
982,Birch,Syddon,bsyddonr9@constantcontact.com,Male,,982,Services,$5.86,Persian
983,Gaby,Ratledge,gratledgera@ucoz.ru,Male,,983,Research and Development,$1.89,Greek
984,Barnie,Bartaletti,bbartalettirb@over-blog.com,Male,Michoacan De Ocampo,984,Training,$0.26,Filipino
985,Oralie,Shmyr,oshmyrrc@wisc.edu,Female,,985,Accounting,$5.15,Catalan
986,Yehudi,Wolfit,ywolfitrd@spotify.com,Male,,986,Legal,$6.67,Swahili
987,Emmett,Drake,edrakere@tumblr.com,Male,Île-de-France,987,Human Resources,$4.96,Kannada
988,Fredra,D'Alessandro,fdalessandrorf@exblog.jp,Female,,988,Business Development,$3.41,Somali
989,Hector,Mucillo,hmucillorg@ebay.com,Male,,989,Accounting,$9.73,Ndebele
990,Cassie,Winskill,cwinskillrh@1und1.de,Genderqueer,,990,Marketing,$7.65,Polish
991,Legra,Rivalant,lrivalantri@123-reg.co.uk,Female,Provincie Overijssel,991,Services,$9.41,Malayalam
992,Kaylee,Berrane,kberranerj@qq.com,Female,,992,Human Resources,$3.29,Dutch
993,Kally,Groger,kgrogerrk@rambler.ru,Non-binary,,993,Legal,$6.17,New Zealand Sign Language
994,Vern,Dibner,vdibnerrl@storify.com,Male,,994,Training,$5.45,Montenegrin
995,Barry,Bownass,bbownassrm@google.cn,Male,Aquitaine,995,Business Development,$9.99,Chinese
996,Josepha,Raeside,jraesidern@sitemeter.com,Female,,996,Product Management,$7.19,Kazakh
997,Joella,O'Hagirtie,johagirtiero@dailymail.co.uk,Female,,997,Marketing,$1.97,Georgian
998,Dahlia,Thackwray,dthackwrayrp@theatlantic.com,Female,,998,Accounting,$1.58,Hiri Motu
999,Marie-ann,Drewett,mdrewettrq@independent.co.uk,Female,Leiria,999,Services,$6.06,Icelandic
1000,Nelli,Braven,nbravenrr@boston.com,Female,,1000,Services,$0.80,Punjabi
