id,status,created_date,updated_date,nombre,apellido_pa,apellido_ma,foto,area,estudios,carrera,usuario
1,true,10/23/2023,1/2/2024,Reinhard,Prent,Mae,imagenes/empty.jpg,99,Contabilidad,689,1
2,true,4/21/2023,5/14/2023,Ema,Derick,Abbye,imagenes/empty.jpg,364,Administración,655,1
3,true,1/11/2024,2/27/2023,Analise,Boycey,Gerry,imagenes/empty.jpg,255,Contabilidad,243,1
4,true,1/29/2023,9/13/2023,Warden,Karney,Shelagh,imagenes/empty.jpg,449,Administración,241,1
5,false,5/7/2023,5/19/2023,Rorie,Prince,Vivianne,imagenes/empty.jpg,949,Derecho,897,1
6,false,3/19/2023,11/30/2023,Giselle,Cad,Alayne,imagenes/empty.jpg,625,Contabilidad,893,1
7,false,7/12/2023,1/13/2024,Mose,Regen,Gretel,imagenes/empty.jpg,119,Contabilidad,564,1
8,false,7/2/2023,5/8/2023,Burg,Kin,Carolyne,imagenes/empty.jpg,734,Derecho,627,1
9,true,12/11/2023,10/5/2023,Devonna,Gay,Ambur,imagenes/empty.jpg,594,Administración,844,1
10,false,3/1/2023,4/26/2023,Latashia,Morgen,Joelly,imagenes/empty.jpg,171,Contabilidad,519,1
11,false,8/15/2023,11/12/2023,Prescott,Beale,Laural,imagenes/empty.jpg,157,Administración,762,1
12,false,12/10/2023,12/18/2023,Robinetta,Greggory,Tabbie,imagenes/empty.jpg,976,Derecho,219,1
13,true,12/31/2023,12/22/2023,Rupert,Webster,Eleonora,imagenes/empty.jpg,175,Derecho,417,1
14,true,8/16/2023,4/18/2023,Carma,Sandro,Calypso,imagenes/empty.jpg,433,Contabilidad,667,1
15,false,2/25/2023,11/2/2023,Nisse,Devland,Jacqui,imagenes/empty.jpg,725,Sistemas,69,1
16,true,12/20/2023,8/24/2023,Kordula,Ossie,Bert,imagenes/empty.jpg,47,Sistemas,855,1
17,false,9/9/2023,10/12/2023,Debby,Damien,Sallee,imagenes/empty.jpg,709,Contabilidad,648,1
18,true,9/16/2023,5/29/2023,Emlyn,Hymie,Patricia,imagenes/empty.jpg,549,Sistemas,368,1
19,false,6/15/2023,10/26/2023,Margo,Winnie,Ellyn,imagenes/empty.jpg,724,Sistemas,30,1
20,false,5/16/2023,11/30/2023,Waite,Danie,Jennee,imagenes/empty.jpg,776,Derecho,696,1
21,false,11/4/2023,7/5/2023,Frieda,Worthington,Arlana,imagenes/empty.jpg,64,Contabilidad,621,1
22,false,4/29/2023,1/11/2024,Alfi,Hanan,Chiquita,imagenes/empty.jpg,46,Sistemas,310,1
23,true,6/24/2023,11/28/2023,Rowland,Alessandro,Giulietta,imagenes/empty.jpg,28,Sistemas,983,1
24,true,10/23/2023,9/27/2023,Diane-marie,Penny,Beilul,imagenes/empty.jpg,860,Derecho,793,1
25,true,1/9/2024,1/10/2024,Collete,Uriah,Willyt,imagenes/empty.jpg,313,Contabilidad,543,1
26,false,11/1/2023,1/8/2024,Keriann,Roscoe,Becki,imagenes/empty.jpg,977,Contabilidad,852,1
27,false,3/5/2023,8/6/2023,Simone,Jeremias,Christyna,imagenes/empty.jpg,782,Administración,668,1
28,false,7/30/2023,6/19/2023,Raul,Paco,Gayle,imagenes/empty.jpg,98,Contabilidad,782,1
29,false,5/24/2023,10/31/2023,Charleen,Mead,Sandy,imagenes/empty.jpg,736,Administración,339,1
30,false,10/26/2023,12/17/2023,Lissi,Giusto,Melany,imagenes/empty.jpg,86,Administración,315,1
31,true,6/9/2023,1/25/2023,Julie,Taylor,Alameda,imagenes/empty.jpg,375,Derecho,714,1
32,false,12/3/2023,2/6/2023,Otha,Moe,Jeanette,imagenes/empty.jpg,724,Derecho,246,1
33,true,6/22/2023,8/7/2023,Tracey,Ernest,Berthe,imagenes/empty.jpg,180,Derecho,316,1
34,false,10/4/2023,5/28/2023,Brett,Syman,Cinnamon,imagenes/empty.jpg,558,Derecho,494,1
35,false,12/11/2023,4/12/2023,Mirabella,Rollie,Annabal,imagenes/empty.jpg,689,Contabilidad,754,1
36,false,5/13/2023,3/3/2023,Donnajean,Jeff,Nina,imagenes/empty.jpg,357,Sistemas,20,1
37,true,4/13/2023,12/8/2023,Evita,Mahmoud,Magda,imagenes/empty.jpg,750,Sistemas,851,1
38,true,4/25/2023,8/9/2023,Monty,Mischa,Starlin,imagenes/empty.jpg,456,Derecho,715,1
39,true,9/19/2023,7/16/2023,Archer,Freddy,Glori,imagenes/empty.jpg,120,Sistemas,96,1
40,true,2/18/2023,10/19/2023,Katti,Kendricks,Selena,imagenes/empty.jpg,283,Contabilidad,788,1
41,true,10/29/2023,3/21/2023,Lilia,Gayle,Conny,imagenes/empty.jpg,630,Administración,46,1
42,false,8/29/2023,5/12/2023,Clarissa,Northrop,Roda,imagenes/empty.jpg,342,Sistemas,142,1
43,true,5/5/2023,12/20/2023,Callie,Trev,Cristen,imagenes/empty.jpg,328,Sistemas,491,1
44,false,11/13/2023,7/8/2023,Chickie,Odo,Isis,imagenes/empty.jpg,879,Administración,751,1
45,false,3/14/2023,7/14/2023,Bertine,Wadsworth,Penelopa,imagenes/empty.jpg,985,Derecho,369,1
46,false,7/2/2023,11/22/2023,Mickie,Simeon,Damara,imagenes/empty.jpg,718,Contabilidad,154,1
47,false,6/30/2023,2/6/2023,Dylan,Cori,Gerty,imagenes/empty.jpg,918,Sistemas,785,1
48,true,1/5/2024,1/25/2023,Tudor,Shepard,Bryna,imagenes/empty.jpg,103,Contabilidad,174,1
49,true,7/31/2023,7/26/2023,Laurianne,Otis,Aura,imagenes/empty.jpg,107,Administración,275,1
50,true,11/27/2023,3/21/2023,Bari,Burk,Madelyn,imagenes/empty.jpg,188,Contabilidad,528,1
51,true,5/21/2023,11/1/2023,Sam,Costa,Angelica,imagenes/empty.jpg,49,Derecho,407,1
52,true,9/23/2023,10/28/2023,Jarret,Kipper,Agnes,imagenes/empty.jpg,939,Sistemas,71,1
53,true,4/20/2023,4/22/2023,Rachael,Jon,Elsey,imagenes/empty.jpg,746,Derecho,540,1
54,true,5/8/2023,4/5/2023,Carney,Rudy,Windy,imagenes/empty.jpg,803,Contabilidad,685,1
55,false,9/27/2023,4/7/2023,Humfrey,Mathew,Pia,imagenes/empty.jpg,963,Derecho,574,1
56,true,10/30/2023,2/6/2023,Lauren,Percy,Lyda,imagenes/empty.jpg,177,Contabilidad,297,1
57,false,6/4/2023,3/16/2023,Molly,Delmore,Drucill,imagenes/empty.jpg,165,Derecho,656,1
58,false,3/29/2023,11/1/2023,Kellby,Alfons,Nellie,imagenes/empty.jpg,898,Sistemas,972,1
59,false,2/20/2023,8/14/2023,Vincenz,Teddie,Denna,imagenes/empty.jpg,194,Sistemas,763,1
60,false,7/30/2023,10/9/2023,Prince,Tades,Selena,imagenes/empty.jpg,304,Sistemas,304,1
61,false,3/31/2023,8/27/2023,Billi,Gabriel,Cosette,imagenes/empty.jpg,107,Contabilidad,896,1
62,true,5/6/2023,6/26/2023,Abie,Jefferson,Pattie,imagenes/empty.jpg,36,Administración,849,1
63,false,2/13/2023,5/30/2023,Tess,Giffie,Dennie,imagenes/empty.jpg,224,Derecho,594,1
64,true,12/5/2023,11/11/2023,Dusty,Angie,Andee,imagenes/empty.jpg,715,Contabilidad,915,1
65,false,7/29/2023,5/5/2023,Waylan,Myer,Rebekkah,imagenes/empty.jpg,876,Derecho,735,1
66,false,12/2/2023,1/2/2024,Cyrillus,Abey,Arden,imagenes/empty.jpg,96,Administración,369,1
67,false,11/19/2023,4/24/2023,Janetta,Binky,Sile,imagenes/empty.jpg,891,Administración,6,1
68,true,10/22/2023,5/18/2023,Maxy,Ulrick,Junette,imagenes/empty.jpg,440,Derecho,912,1
69,true,4/14/2023,1/3/2024,Cyndy,Elvin,Leeann,imagenes/empty.jpg,469,Derecho,68,1
70,true,4/27/2023,2/18/2023,Billi,Pail,Nikkie,imagenes/empty.jpg,873,Administración,21,1
71,false,2/13/2023,12/18/2023,Merilyn,Barde,Britney,imagenes/empty.jpg,155,Sistemas,237,1
72,true,4/8/2023,7/20/2023,Adamo,York,Carmita,imagenes/empty.jpg,403,Sistemas,198,1
73,false,2/10/2023,1/17/2023,Padgett,Armstrong,Tricia,imagenes/empty.jpg,955,Administración,856,1
74,false,11/20/2023,8/13/2023,Christel,Bayard,Samantha,imagenes/empty.jpg,571,Contabilidad,916,1
75,true,3/2/2023,5/17/2023,Althea,Joshuah,Ava,imagenes/empty.jpg,449,Contabilidad,552,1
76,true,9/17/2023,3/13/2023,Julietta,Martie,Othilie,imagenes/empty.jpg,495,Contabilidad,868,1
77,false,1/15/2024,1/30/2023,Loy,Virgilio,Shelia,imagenes/empty.jpg,468,Contabilidad,353,1
78,true,10/12/2023,12/9/2023,Elvin,Isaac,Kara,imagenes/empty.jpg,332,Sistemas,693,1
79,true,2/8/2023,10/17/2023,Andree,Iorgo,Tabby,imagenes/empty.jpg,662,Contabilidad,930,1
80,false,3/15/2023,1/7/2024,Burl,Regen,Sonnnie,imagenes/empty.jpg,873,Administración,444,1
81,true,9/27/2023,7/28/2023,Jerrome,Durant,Tommy,imagenes/empty.jpg,918,Administración,280,1
82,true,9/23/2023,11/6/2023,Lisbeth,Dallas,Benni,imagenes/empty.jpg,174,Sistemas,632,1
83,false,4/5/2023,9/19/2023,Barnabe,Alasdair,Laurena,imagenes/empty.jpg,6,Sistemas,694,1
84,false,11/5/2023,6/3/2023,Porter,Nick,Florry,imagenes/empty.jpg,14,Derecho,557,1
85,false,3/29/2023,3/7/2023,Letta,Jarrad,Kathi,imagenes/empty.jpg,823,Derecho,811,1
86,false,7/11/2023,6/13/2023,Ninetta,Garreth,Evangelia,imagenes/empty.jpg,186,Derecho,527,1
87,true,4/13/2023,5/27/2023,Hartwell,Elijah,Marissa,imagenes/empty.jpg,660,Derecho,663,1
88,true,4/7/2023,10/19/2023,Ketti,Laird,Lesly,imagenes/empty.jpg,286,Derecho,16,1
89,true,8/27/2023,11/10/2023,Lea,Bond,Anetta,imagenes/empty.jpg,186,Administración,979,1
90,true,10/13/2023,11/19/2023,Lisha,Hyman,Chere,imagenes/empty.jpg,855,Contabilidad,392,1
91,true,5/27/2023,7/14/2023,Pauli,Garry,Perla,imagenes/empty.jpg,617,Derecho,997,1
92,false,2/5/2023,1/20/2023,Whitaker,Norman,Norine,imagenes/empty.jpg,381,Administración,487,1
93,true,2/28/2023,4/5/2023,Berni,Mannie,Ginger,imagenes/empty.jpg,104,Derecho,591,1
94,true,10/3/2023,5/27/2023,Truda,Tammie,Gert,imagenes/empty.jpg,975,Sistemas,837,1
95,true,6/25/2023,11/8/2023,Binky,Brian,Marjie,imagenes/empty.jpg,816,Sistemas,109,1
96,false,4/24/2023,12/3/2023,Miriam,Elihu,Anet,imagenes/empty.jpg,343,Sistemas,138,1
97,false,2/7/2023,2/7/2023,Rodrigo,Reggis,Ediva,imagenes/empty.jpg,30,Contabilidad,701,1
98,false,4/1/2023,4/12/2023,Cathee,Meredeth,Lina,imagenes/empty.jpg,629,Contabilidad,229,1
99,false,11/20/2023,3/24/2023,Tabby,Prentice,Carlie,imagenes/empty.jpg,47,Derecho,19,1
100,false,8/29/2023,9/5/2023,Dorella,Barnie,Ortensia,imagenes/empty.jpg,237,Contabilidad,927,1
101,false,11/7/2023,4/10/2023,Ario,Darill,Laurie,imagenes/empty.jpg,12,Administración,587,1
102,true,5/23/2023,2/18/2023,Rochelle,Ricard,Pippa,imagenes/empty.jpg,989,Contabilidad,149,1
103,false,6/1/2023,1/16/2023,Anthony,Murdoch,Prissie,imagenes/empty.jpg,757,Administración,29,1
104,true,4/30/2023,1/10/2024,Calli,Benedikt,Dari,imagenes/empty.jpg,482,Derecho,31,1
105,false,1/7/2024,12/5/2023,Emmy,Freeman,Marysa,imagenes/empty.jpg,885,Administración,263,1
106,false,6/23/2023,12/1/2023,Fay,Filip,Laurella,imagenes/empty.jpg,155,Contabilidad,544,1
107,true,6/30/2023,5/19/2023,Ced,Udell,Moyna,imagenes/empty.jpg,525,Derecho,420,1
108,true,12/6/2023,10/24/2023,Reinhard,Garold,Sissie,imagenes/empty.jpg,974,Contabilidad,168,1
109,false,7/9/2023,11/25/2023,El,Stephan,Ermina,imagenes/empty.jpg,722,Derecho,133,1
110,false,6/28/2023,6/7/2023,Sacha,Ray,Damara,imagenes/empty.jpg,689,Administración,228,1
111,false,1/28/2023,6/12/2023,Nina,Tynan,Miof mela,imagenes/empty.jpg,958,Derecho,12,1
112,false,3/12/2023,4/4/2023,Sidoney,Maximilianus,Ashia,imagenes/empty.jpg,678,Contabilidad,787,1
113,true,1/9/2024,12/8/2023,Ogdon,Benedicto,Hazel,imagenes/empty.jpg,734,Sistemas,830,1
114,false,5/26/2023,9/16/2023,Karola,Hodge,Charmion,imagenes/empty.jpg,755,Contabilidad,741,1
115,true,12/26/2023,6/20/2023,Maynard,Fair,Nance,imagenes/empty.jpg,505,Derecho,358,1
116,true,10/10/2023,2/5/2023,Westley,Chalmers,Pansie,imagenes/empty.jpg,776,Derecho,981,1
117,false,3/11/2023,11/2/2023,Kiri,Farrell,Hatty,imagenes/empty.jpg,86,Derecho,379,1
118,true,9/13/2023,1/24/2023,Mohandis,Peyter,Angelina,imagenes/empty.jpg,116,Sistemas,390,1
119,false,9/30/2023,2/2/2023,Almeria,Gabi,Tony,imagenes/empty.jpg,169,Sistemas,551,1
120,false,12/7/2023,10/3/2023,Maurits,Crichton,Arabele,imagenes/empty.jpg,668,Contabilidad,357,1
121,false,9/25/2023,7/2/2023,Rianon,Ulysses,Maggi,imagenes/empty.jpg,770,Sistemas,670,1
122,false,1/31/2023,5/28/2023,Eunice,Axe,Marillin,imagenes/empty.jpg,322,Administración,290,1
123,false,9/4/2023,3/5/2023,Marrissa,Roscoe,Milly,imagenes/empty.jpg,960,Contabilidad,968,1
124,false,8/10/2023,4/2/2023,Clarita,Bartlet,Evvy,imagenes/empty.jpg,935,Derecho,357,1
125,false,10/2/2023,3/27/2023,Guido,Devlin,Korrie,imagenes/empty.jpg,235,Sistemas,526,1
126,true,3/1/2023,6/14/2023,Raymund,Pascal,Amaleta,imagenes/empty.jpg,672,Administración,947,1
127,false,6/27/2023,7/6/2023,Ambrosi,Franz,Ashly,imagenes/empty.jpg,928,Sistemas,501,1
128,true,8/12/2023,8/16/2023,Else,Kristoffer,Julia,imagenes/empty.jpg,177,Administración,720,1
129,true,9/11/2023,4/9/2023,Elmore,Farley,Petronella,imagenes/empty.jpg,571,Administración,956,1
130,true,7/2/2023,4/14/2023,Penelope,Amerigo,Viki,imagenes/empty.jpg,930,Contabilidad,855,1
131,true,10/21/2023,8/23/2023,Xymenes,Benedetto,Susana,imagenes/empty.jpg,286,Sistemas,766,1
132,true,6/26/2023,1/15/2024,Zandra,Ruby,Cristionna,imagenes/empty.jpg,552,Contabilidad,835,1
133,false,2/19/2023,7/19/2023,Hinda,Glyn,Jemima,imagenes/empty.jpg,511,Sistemas,806,1
134,false,3/26/2023,12/16/2023,Rouvin,Zolly,Sophia,imagenes/empty.jpg,272,Derecho,558,1
135,false,8/14/2023,2/18/2023,Dyanna,Floyd,Gena,imagenes/empty.jpg,659,Administración,771,1
136,true,10/10/2023,9/6/2023,Jordan,Hillier,Margalo,imagenes/empty.jpg,220,Administración,506,1
137,true,1/3/2024,1/2/2024,Faunie,Worthy,Wenona,imagenes/empty.jpg,960,Derecho,515,1
138,true,4/20/2023,10/27/2023,Clemmy,Abeu,Leela,imagenes/empty.jpg,479,Administración,99,1
139,false,11/23/2023,7/9/2023,Jeanelle,Grace,Salomi,imagenes/empty.jpg,114,Contabilidad,519,1
140,true,11/28/2023,4/25/2023,Derry,Byrann,Nelie,imagenes/empty.jpg,407,Contabilidad,728,1
141,true,4/24/2023,10/10/2023,Jacinda,Ilaire,Leeann,imagenes/empty.jpg,182,Sistemas,327,1
142,false,8/22/2023,9/24/2023,Rudd,Chaim,Hailee,imagenes/empty.jpg,210,Administración,569,1
143,true,1/30/2023,12/26/2023,Aubert,Mendie,Gabbi,imagenes/empty.jpg,319,Administración,526,1
144,true,1/18/2023,6/15/2023,Valaree,Clyve,Nalani,imagenes/empty.jpg,797,Contabilidad,92,1
145,false,6/1/2023,3/5/2023,Nicko,Keir,Nettle,imagenes/empty.jpg,914,Derecho,670,1
146,true,4/29/2023,2/21/2023,Giovanni,Bertrand,Vivian,imagenes/empty.jpg,253,Derecho,830,1
147,true,6/24/2023,7/5/2023,Virginia,Wakefield,Olympia,imagenes/empty.jpg,297,Contabilidad,333,1
148,true,12/14/2023,11/2/2023,Saxe,Vittorio,Tommi,imagenes/empty.jpg,178,Sistemas,935,1
149,true,8/6/2023,4/20/2023,Cristy,Elsworth,Darcey,imagenes/empty.jpg,23,Sistemas,900,1
150,true,6/26/2023,11/10/2023,Murray,Damien,Louella,imagenes/empty.jpg,822,Sistemas,784,1
151,false,1/10/2024,11/26/2023,Etti,Barris,Dusty,imagenes/empty.jpg,891,Derecho,901,1
152,true,2/24/2023,11/7/2023,Ned,Worden,Oneida,imagenes/empty.jpg,162,Contabilidad,365,1
153,false,3/25/2023,8/13/2023,Adan,Beck,Athene,imagenes/empty.jpg,92,Derecho,623,1
154,false,6/5/2023,3/24/2023,Gray,Weidar,Darryl,imagenes/empty.jpg,196,Administración,161,1
155,false,7/6/2023,12/8/2023,Reynold,Robert,Josie,imagenes/empty.jpg,269,Administración,728,1
156,true,10/26/2023,7/30/2023,Nicol,Paddy,Leese,imagenes/empty.jpg,94,Administración,153,1
157,false,4/1/2023,2/25/2023,Olly,Zacharie,Kikelia,imagenes/empty.jpg,437,Contabilidad,828,1
158,true,8/4/2023,11/18/2023,Nicola,Brose,Marlyn,imagenes/empty.jpg,163,Derecho,658,1
159,true,3/15/2023,8/5/2023,Nikoletta,Corny,Sayre,imagenes/empty.jpg,64,Sistemas,824,1
160,true,10/28/2023,10/13/2023,Eveleen,Shanan,Delphinia,imagenes/empty.jpg,954,Contabilidad,688,1
161,true,3/31/2023,12/4/2023,Annabela,Sterling,Ileana,imagenes/empty.jpg,413,Contabilidad,129,1
162,true,8/20/2023,3/7/2023,Irita,Patin,Odella,imagenes/empty.jpg,657,Administración,399,1
163,false,3/1/2023,1/11/2024,Dianne,Clarance,Thomasin,imagenes/empty.jpg,189,Administración,138,1
164,false,12/31/2023,4/8/2023,Rodi,Sauveur,Julianna,imagenes/empty.jpg,35,Sistemas,48,1
165,true,4/11/2023,4/10/2023,Elliott,Elwin,Emmalee,imagenes/empty.jpg,323,Contabilidad,145,1
166,false,12/28/2023,12/2/2023,Benedict,Cointon,Peggi,imagenes/empty.jpg,721,Sistemas,882,1
167,false,2/8/2023,10/16/2023,Karole,Torey,Kaela,imagenes/empty.jpg,763,Contabilidad,221,1
168,false,2/23/2023,1/19/2023,Aida,Remus,Eudora,imagenes/empty.jpg,118,Administración,730,1
169,true,3/8/2023,2/10/2023,Whit,Osbert,Jonie,imagenes/empty.jpg,364,Administración,851,1
170,true,7/29/2023,2/19/2023,Ulrick,Rickie,Hedwiga,imagenes/empty.jpg,716,Sistemas,84,1
171,false,5/12/2023,5/31/2023,Ellsworth,Hugo,Muire,imagenes/empty.jpg,711,Derecho,969,1
172,false,7/24/2023,4/14/2023,Fancy,Brion,Bessy,imagenes/empty.jpg,370,Sistemas,242,1
173,false,2/26/2023,3/21/2023,Duke,Rex,Jamima,imagenes/empty.jpg,858,Derecho,62,1
174,true,11/8/2023,3/27/2023,Liam,Ossie,Janie,imagenes/empty.jpg,948,Sistemas,985,1
175,true,6/22/2023,3/24/2023,Luci,Michele,Raf,imagenes/empty.jpg,31,Derecho,407,1
176,false,4/29/2023,8/17/2023,Donalt,Norrie,Tierney,imagenes/empty.jpg,488,Contabilidad,416,1
177,true,5/9/2023,3/22/2023,Egor,Gary,Emma,imagenes/empty.jpg,928,Derecho,697,1
178,true,11/3/2023,10/20/2023,Naomi,Emory,Sophronia,imagenes/empty.jpg,610,Administración,673,1
179,false,5/10/2023,8/18/2023,Rheta,Tito,Malissia,imagenes/empty.jpg,690,Derecho,633,1
180,false,7/26/2023,12/17/2023,Marcie,Bay,Karine,imagenes/empty.jpg,768,Administración,893,1
181,true,6/27/2023,7/30/2023,Kimbell,Ly,Marcelia,imagenes/empty.jpg,408,Contabilidad,284,1
182,true,11/16/2023,1/14/2024,Nicolette,Wittie,Anna-maria,imagenes/empty.jpg,397,Sistemas,961,1
183,false,2/9/2023,11/14/2023,Genovera,Arty,Kathi,imagenes/empty.jpg,615,Contabilidad,770,1
184,false,10/20/2023,1/8/2024,Walther,Isaac,Honor,imagenes/empty.jpg,363,Derecho,625,1
185,false,3/15/2023,2/25/2023,Lorens,Lemar,Nerti,imagenes/empty.jpg,175,Administración,587,1
186,true,11/20/2023,5/6/2023,Esteban,Kerwinn,Ashlie,imagenes/empty.jpg,106,Contabilidad,40,1
187,false,12/15/2023,12/2/2023,Alie,Portie,Elicia,imagenes/empty.jpg,206,Derecho,692,1
188,false,4/19/2023,6/25/2023,Nicki,Matias,Farrand,imagenes/empty.jpg,104,Contabilidad,913,1
189,false,6/10/2023,8/3/2023,Joelynn,Haze,Cornie,imagenes/empty.jpg,880,Administración,931,1
190,true,1/12/2024,5/8/2023,Shannan,Wyndham,Caren,imagenes/empty.jpg,652,Contabilidad,939,1
191,false,9/15/2023,1/19/2023,Fitz,Alric,Alexandrina,imagenes/empty.jpg,931,Sistemas,720,1
192,false,12/26/2023,2/28/2023,Bobbie,Kimbell,Oralee,imagenes/empty.jpg,610,Administración,610,1
193,true,4/4/2023,12/28/2023,Jillene,Scotti,Lenee,imagenes/empty.jpg,929,Administración,885,1
194,true,4/3/2023,7/21/2023,Rurik,Dilan,Noel,imagenes/empty.jpg,486,Derecho,365,1
195,true,10/3/2023,9/27/2023,Augustina,Lazar,Kyrstin,imagenes/empty.jpg,517,Administración,909,1
196,true,6/6/2023,12/9/2023,Sayers,Josh,Cari,imagenes/empty.jpg,755,Sistemas,755,1
197,false,1/2/2024,5/21/2023,Nettie,Rube,Janessa,imagenes/empty.jpg,143,Sistemas,42,1
198,true,7/28/2023,6/8/2023,Cobby,Lyell,Bernie,imagenes/empty.jpg,321,Sistemas,852,1
199,true,2/3/2023,1/6/2024,Hymie,Yank,Nicolina,imagenes/empty.jpg,551,Sistemas,345,1
200,false,5/4/2023,6/17/2023,Rice,Christophorus,Tilly,imagenes/empty.jpg,380,Contabilidad,681,1
201,false,6/27/2023,11/2/2023,Rebecka,Cesar,Vanni,imagenes/empty.jpg,457,Administración,159,1
202,true,3/21/2023,11/24/2023,Cordell,Zebedee,Joni,imagenes/empty.jpg,931,Administración,695,1
203,false,12/24/2023,8/1/2023,Gayla,Romeo,Ulrike,imagenes/empty.jpg,604,Sistemas,773,1
204,false,6/1/2023,4/2/2023,Brittni,Tobit,Kylie,imagenes/empty.jpg,385,Derecho,783,1
205,false,7/19/2023,4/25/2023,Dalston,Dennet,Zulema,imagenes/empty.jpg,200,Administración,228,1
206,true,3/10/2023,5/25/2023,Valry,Rodd,Isabel,imagenes/empty.jpg,705,Derecho,814,1
207,true,7/19/2023,12/1/2023,Bidget,Tracy,Marnie,imagenes/empty.jpg,816,Derecho,701,1
208,false,11/14/2023,2/15/2023,Alta,Cyrillus,Devonna,imagenes/empty.jpg,261,Contabilidad,814,1
209,true,6/21/2023,6/28/2023,Egon,Ted,Annabella,imagenes/empty.jpg,855,Administración,551,1
210,false,3/26/2023,5/28/2023,Bax,Blake,Elane,imagenes/empty.jpg,314,Sistemas,642,1
211,true,5/6/2023,12/26/2023,Kassi,Gregory,Ingeberg,imagenes/empty.jpg,435,Administración,929,1
212,true,7/21/2023,10/3/2023,Gennifer,Barnebas,Koo,imagenes/empty.jpg,594,Sistemas,937,1
213,true,5/8/2023,1/27/2023,Amara,Brose,Devonne,imagenes/empty.jpg,859,Sistemas,150,1
214,true,2/1/2023,3/15/2023,Ginevra,Jefferson,Reeta,imagenes/empty.jpg,422,Sistemas,135,1
215,false,5/22/2023,7/7/2023,Cris,Roarke,Bernette,imagenes/empty.jpg,511,Derecho,157,1
216,true,2/19/2023,4/25/2023,Ring,Haven,Lurette,imagenes/empty.jpg,183,Administración,453,1
217,true,1/31/2023,6/23/2023,Jobye,Garald,Constantia,imagenes/empty.jpg,93,Derecho,752,1
218,true,4/11/2023,12/23/2023,Carma,Isidro,Cassandra,imagenes/empty.jpg,641,Sistemas,543,1
219,true,1/7/2024,12/22/2023,Brenden,Wolfgang,Kellina,imagenes/empty.jpg,876,Derecho,592,1
220,true,4/18/2023,9/28/2023,Meridel,Clemente,Robinetta,imagenes/empty.jpg,450,Derecho,51,1
221,true,11/24/2023,10/14/2023,Genevieve,Bryan,Corrianne,imagenes/empty.jpg,64,Derecho,394,1
222,false,2/4/2023,10/4/2023,Kirstyn,Fabian,Gillan,imagenes/empty.jpg,334,Administración,36,1
223,false,6/22/2023,3/13/2023,Silva,Paddie,Lura,imagenes/empty.jpg,490,Administración,487,1
224,false,8/19/2023,10/30/2023,Lita,Arnold,Frayda,imagenes/empty.jpg,352,Derecho,430,1
225,true,8/27/2023,4/7/2023,Issi,Devlin,Vivia,imagenes/empty.jpg,493,Derecho,809,1
226,true,9/12/2023,5/15/2023,Humfrid,Prescott,Karil,imagenes/empty.jpg,443,Derecho,992,1
227,false,2/18/2023,2/21/2023,Bebe,Derrick,Clarette,imagenes/empty.jpg,242,Sistemas,483,1
228,false,9/29/2023,11/14/2023,Lisetta,Cyrillus,Netti,imagenes/empty.jpg,191,Contabilidad,881,1
229,true,11/27/2023,6/5/2023,Weber,Normand,Gilligan,imagenes/empty.jpg,660,Sistemas,538,1
230,false,6/28/2023,12/11/2023,Adam,Bard,Wendi,imagenes/empty.jpg,165,Administración,885,1
231,true,4/27/2023,9/27/2023,Joseito,Winifield,Octavia,imagenes/empty.jpg,668,Contabilidad,782,1
232,false,11/4/2023,4/7/2023,Wright,Kerwinn,Betty,imagenes/empty.jpg,507,Sistemas,458,1
233,true,12/6/2023,3/9/2023,Lola,Burnaby,Aurore,imagenes/empty.jpg,650,Administración,4,1
234,false,2/26/2023,6/12/2023,Morly,Eldridge,Emlynne,imagenes/empty.jpg,746,Administración,455,1
235,false,5/14/2023,1/21/2023,Pail,Farris,Oriana,imagenes/empty.jpg,784,Derecho,717,1
236,false,4/10/2023,2/7/2023,Alikee,Trefor,Kirsten,imagenes/empty.jpg,591,Derecho,144,1
237,false,3/4/2023,12/22/2023,Ginny,Delmar,Viviana,imagenes/empty.jpg,768,Derecho,356,1
238,false,1/5/2024,12/8/2023,Christabella,Aubrey,Emmey,imagenes/empty.jpg,688,Derecho,745,1
239,true,2/15/2023,6/20/2023,Delbert,Dmitri,Penelope,imagenes/empty.jpg,699,Contabilidad,440,1
240,true,10/25/2023,6/2/2023,Gregory,Marty,Janeczka,imagenes/empty.jpg,964,Sistemas,815,1
241,true,11/16/2023,11/21/2023,Ranice,Base,Claude,imagenes/empty.jpg,975,Derecho,773,1
242,true,3/24/2023,9/30/2023,Merl,Alyosha,Kikelia,imagenes/empty.jpg,177,Sistemas,99,1
243,true,7/15/2023,2/19/2023,Elsworth,Klement,Dulcine,imagenes/empty.jpg,137,Sistemas,107,1
244,true,12/2/2023,10/14/2023,Horatius,Cheston,Kit,imagenes/empty.jpg,696,Administración,202,1
245,false,4/7/2023,12/8/2023,Bing,Frasquito,Carey,imagenes/empty.jpg,229,Derecho,646,1
246,true,6/21/2023,9/19/2023,Durant,Bayard,Ericha,imagenes/empty.jpg,379,Sistemas,424,1
247,false,9/26/2023,5/20/2023,Missy,Cosme,Noellyn,imagenes/empty.jpg,342,Administración,748,1
248,false,12/14/2023,2/24/2023,Nigel,Falkner,Marlene,imagenes/empty.jpg,546,Contabilidad,339,1
249,true,4/7/2023,8/24/2023,Doyle,Luce,Jacklin,imagenes/empty.jpg,102,Sistemas,162,1
250,true,12/21/2023,10/9/2023,Cornela,Hugh,Pauly,imagenes/empty.jpg,380,Contabilidad,643,1
251,true,9/15/2023,4/5/2023,Geraldine,Renado,Connie,imagenes/empty.jpg,138,Sistemas,134,1
252,false,4/12/2023,10/29/2023,Ernesta,Thaddeus,Marylin,imagenes/empty.jpg,390,Derecho,207,1
253,true,1/1/2024,4/28/2023,Natasha,Hunt,Koralle,imagenes/empty.jpg,194,Derecho,145,1
254,false,10/6/2023,6/24/2023,Mamie,Jake,Ketti,imagenes/empty.jpg,715,Sistemas,354,1
255,true,12/14/2023,9/2/2023,Joe,Jeff,Catha,imagenes/empty.jpg,616,Derecho,152,1
256,true,10/3/2023,11/27/2023,Melonie,Witty,Agneta,imagenes/empty.jpg,747,Contabilidad,747,1
257,true,11/28/2023,8/18/2023,Ailis,Shaw,Edi,imagenes/empty.jpg,869,Sistemas,498,1
258,false,10/14/2023,1/13/2024,Marcie,Vasilis,Roshelle,imagenes/empty.jpg,7,Derecho,53,1
259,false,1/9/2024,10/20/2023,Nomi,Shurlock,Bernelle,imagenes/empty.jpg,678,Sistemas,159,1
260,false,9/21/2023,2/22/2023,Obed,Karim,Stephine,imagenes/empty.jpg,900,Sistemas,421,1
261,true,1/17/2023,9/24/2023,Gabie,Bernardo,Courtney,imagenes/empty.jpg,871,Administración,231,1
262,true,2/3/2023,1/6/2024,Hillard,Ambrosio,Ivie,imagenes/empty.jpg,773,Sistemas,573,1
263,true,2/4/2023,6/12/2023,Dael,Taite,Shana,imagenes/empty.jpg,179,Contabilidad,247,1
264,false,9/15/2023,1/14/2024,Ignaz,Amerigo,Mollee,imagenes/empty.jpg,885,Sistemas,444,1
265,false,2/24/2023,10/12/2023,Erroll,Gottfried,Charity,imagenes/empty.jpg,443,Administración,824,1
266,true,1/31/2023,3/26/2023,Giavani,Meredeth,Belle,imagenes/empty.jpg,622,Contabilidad,701,1
267,false,11/9/2023,9/12/2023,Dougie,Ricki,Kath,imagenes/empty.jpg,956,Derecho,251,1
268,true,7/21/2023,7/17/2023,Whittaker,Regen,Robinet,imagenes/empty.jpg,481,Administración,74,1
269,true,12/28/2023,6/14/2023,Hugibert,Tab,Karilynn,imagenes/empty.jpg,784,Sistemas,14,1
270,true,2/24/2023,3/6/2023,Maryjane,Morgen,Leanna,imagenes/empty.jpg,565,Derecho,133,1
271,false,11/14/2023,3/25/2023,Aileen,Stuart,Tansy,imagenes/empty.jpg,675,Derecho,449,1
272,false,9/11/2023,4/6/2023,Wallas,Troy,Andrei,imagenes/empty.jpg,326,Sistemas,725,1
273,true,4/25/2023,6/1/2023,Eamon,Toby,Marina,imagenes/empty.jpg,907,Sistemas,736,1
274,false,9/26/2023,7/6/2023,Corinna,Templeton,Kissie,imagenes/empty.jpg,954,Contabilidad,777,1
275,false,4/4/2023,10/14/2023,Hill,Vassili,Kelcy,imagenes/empty.jpg,674,Administración,841,1
276,true,6/3/2023,2/22/2023,Camala,Noah,Daune,imagenes/empty.jpg,858,Administración,822,1
277,true,1/28/2023,12/17/2023,Crystal,Lyman,Katleen,imagenes/empty.jpg,235,Contabilidad,50,1
278,false,9/3/2023,3/24/2023,Hermann,Lombard,Alia,imagenes/empty.jpg,506,Derecho,259,1
279,false,9/5/2023,12/15/2023,Jermayne,Tobe,Corene,imagenes/empty.jpg,144,Contabilidad,138,1
280,false,9/18/2023,1/17/2023,Kingsly,Kellen,Vilhelmina,imagenes/empty.jpg,201,Contabilidad,301,1
281,true,5/18/2023,3/2/2023,Annis,Trumann,Berta,imagenes/empty.jpg,365,Sistemas,618,1
282,false,12/25/2023,10/20/2023,Codi,King,Delcina,imagenes/empty.jpg,832,Sistemas,932,1
283,true,11/18/2023,5/23/2023,Ammamaria,Bondy,Veradis,imagenes/empty.jpg,501,Sistemas,200,1
284,false,10/12/2023,11/17/2023,Milzie,Isa,Joyan,imagenes/empty.jpg,671,Contabilidad,843,1
285,false,4/24/2023,3/7/2023,Ambros,My,Marylin,imagenes/empty.jpg,916,Contabilidad,133,1
286,false,1/25/2023,1/26/2023,Odie,Pepe,Katti,imagenes/empty.jpg,940,Sistemas,423,1
287,false,4/20/2023,3/18/2023,Yul,Torrance,Rosalinde,imagenes/empty.jpg,357,Contabilidad,447,1
288,false,7/1/2023,3/19/2023,Emylee,Thatch,Margo,imagenes/empty.jpg,796,Sistemas,386,1
289,true,7/19/2023,3/21/2023,Randy,Job,Florance,imagenes/empty.jpg,804,Derecho,184,1
290,true,10/25/2023,7/12/2023,Hedda,Grantham,Glad,imagenes/empty.jpg,47,Administración,795,1
291,false,12/1/2023,11/5/2023,Doralyn,Urban,Leesa,imagenes/empty.jpg,210,Administración,440,1
292,true,7/21/2023,3/15/2023,Maggi,Gaultiero,Roxine,imagenes/empty.jpg,572,Derecho,327,1
293,false,3/24/2023,9/6/2023,Shantee,Lonnard,Nessi,imagenes/empty.jpg,230,Contabilidad,985,1
294,true,5/9/2023,6/6/2023,Agnola,Mychal,Cilka,imagenes/empty.jpg,953,Sistemas,914,1
295,true,2/22/2023,12/6/2023,Haslett,Rudolfo,Saidee,imagenes/empty.jpg,594,Contabilidad,899,1
296,false,1/11/2024,4/11/2023,Vivien,Enrico,Shaylyn,imagenes/empty.jpg,317,Administración,979,1
297,false,12/1/2023,5/13/2023,Jimmie,Terrel,Augusta,imagenes/empty.jpg,666,Sistemas,901,1
298,true,4/19/2023,12/2/2023,Andra,Ganny,Joela,imagenes/empty.jpg,682,Derecho,713,1
299,false,12/7/2023,10/15/2023,Hayward,Nevile,Easter,imagenes/empty.jpg,976,Administración,769,1
300,false,1/19/2023,7/26/2023,Leonora,Manfred,Amabel,imagenes/empty.jpg,148,Derecho,983,1
301,false,10/17/2023,1/23/2023,Talbot,Clark,Lorinda,imagenes/empty.jpg,691,Contabilidad,809,1
302,false,5/22/2023,2/5/2023,Rozelle,Hazlett,Pamela,imagenes/empty.jpg,380,Administración,658,1
303,true,10/8/2023,2/14/2023,Sherrie,Gaelan,Luella,imagenes/empty.jpg,32,Sistemas,933,1
304,false,7/12/2023,2/5/2023,Ladonna,Kennith,Bellina,imagenes/empty.jpg,872,Contabilidad,273,1
305,false,2/1/2023,5/18/2023,Minette,Malchy,Gisela,imagenes/empty.jpg,986,Contabilidad,755,1
306,true,1/20/2023,4/8/2023,Rowen,Reese,Junia,imagenes/empty.jpg,199,Contabilidad,175,1
307,false,11/6/2023,3/30/2023,Devina,Gerardo,Saudra,imagenes/empty.jpg,497,Derecho,822,1
308,false,5/27/2023,1/13/2024,Mil,Quintus,Shirlene,imagenes/empty.jpg,94,Derecho,810,1
309,false,11/9/2023,5/16/2023,Vale,Hamel,Grete,imagenes/empty.jpg,878,Derecho,379,1
310,false,8/18/2023,7/18/2023,Flora,Winslow,Dyna,imagenes/empty.jpg,735,Contabilidad,139,1
311,true,11/7/2023,10/4/2023,Abbie,Eduino,Laurette,imagenes/empty.jpg,499,Contabilidad,590,1
312,true,12/11/2023,1/26/2023,Elvyn,Horst,Ag,imagenes/empty.jpg,71,Contabilidad,396,1
313,false,7/28/2023,6/9/2023,Arv,Merrick,Kacey,imagenes/empty.jpg,259,Derecho,334,1
314,false,7/13/2023,11/29/2023,Cristie,Rickey,Teena,imagenes/empty.jpg,830,Derecho,723,1
315,true,8/22/2023,1/14/2024,Tamma,Zach,Jaclin,imagenes/empty.jpg,130,Sistemas,532,1
316,true,12/21/2023,6/13/2023,Thain,Miltie,Collen,imagenes/empty.jpg,505,Contabilidad,123,1
317,false,10/10/2023,10/30/2023,Trev,Chalmers,Sena,imagenes/empty.jpg,575,Contabilidad,401,1
318,true,5/18/2023,11/14/2023,Lola,Gibb,Simone,imagenes/empty.jpg,131,Derecho,715,1
319,true,9/2/2023,12/22/2023,Gavrielle,Rollin,Madelena,imagenes/empty.jpg,987,Sistemas,285,1
320,true,8/17/2023,1/15/2024,Kiley,Iosep,Tally,imagenes/empty.jpg,812,Administración,583,1
321,false,4/13/2023,12/16/2023,Cecilia,Timmie,Wilone,imagenes/empty.jpg,155,Sistemas,469,1
322,false,1/17/2023,3/16/2023,Fonzie,Germaine,Jacquelyn,imagenes/empty.jpg,713,Derecho,47,1
323,false,2/13/2023,3/20/2023,Babara,Gustav,Eloisa,imagenes/empty.jpg,898,Administración,522,1
324,true,11/28/2023,3/26/2023,Barnabe,Francis,Tildie,imagenes/empty.jpg,459,Administración,387,1
325,false,7/19/2023,9/27/2023,Laura,Whit,Loretta,imagenes/empty.jpg,843,Sistemas,393,1
326,false,9/8/2023,12/21/2023,Doti,Rolph,Melisandra,imagenes/empty.jpg,849,Administración,180,1
327,false,12/13/2023,10/9/2023,Jacquelyn,Flemming,Merle,imagenes/empty.jpg,621,Administración,36,1
328,true,12/23/2023,11/30/2023,Fredrick,Puff,Nisse,imagenes/empty.jpg,374,Derecho,580,1
329,true,5/13/2023,12/23/2023,Casandra,Goddard,Jodie,imagenes/empty.jpg,924,Derecho,952,1
330,false,8/4/2023,3/19/2023,Stefano,Balduin,Bride,imagenes/empty.jpg,848,Administración,169,1
331,true,4/8/2023,3/27/2023,Jermaine,Finn,Marlena,imagenes/empty.jpg,176,Contabilidad,896,1
332,false,3/11/2023,7/18/2023,Oates,Schuyler,Bibbye,imagenes/empty.jpg,521,Administración,201,1
333,false,5/31/2023,3/16/2023,Katerina,Ingrim,Helsa,imagenes/empty.jpg,108,Derecho,6,1
334,false,10/19/2023,12/30/2023,Georg,Chrotoem,Keely,imagenes/empty.jpg,263,Derecho,477,1
335,true,7/8/2023,7/11/2023,Stephani,Barnard,Deirdre,imagenes/empty.jpg,311,Contabilidad,619,1
336,false,3/13/2023,9/2/2023,Sig,Charlton,Gretta,imagenes/empty.jpg,204,Derecho,430,1
337,false,10/12/2023,5/16/2023,Natal,Taite,Godiva,imagenes/empty.jpg,407,Derecho,360,1
338,true,2/17/2023,10/2/2023,Waldon,Reamonn,Monika,imagenes/empty.jpg,552,Contabilidad,156,1
339,true,10/31/2023,3/29/2023,Lowell,Hastings,Dorella,imagenes/empty.jpg,274,Sistemas,561,1
340,false,11/30/2023,3/13/2023,Isadora,Curtice,Madel,imagenes/empty.jpg,99,Derecho,989,1
341,true,5/18/2023,4/20/2023,Ferdinanda,Gal,Rosina,imagenes/empty.jpg,305,Contabilidad,974,1
342,true,1/6/2024,1/23/2023,Nora,Dannie,Correy,imagenes/empty.jpg,670,Derecho,675,1
343,true,1/24/2023,11/28/2023,Maurise,Jerome,Sybil,imagenes/empty.jpg,684,Derecho,906,1
344,false,3/3/2023,7/8/2023,Raimund,Sebastian,Althea,imagenes/empty.jpg,202,Sistemas,23,1
345,true,8/29/2023,11/27/2023,Fowler,Leslie,Bunny,imagenes/empty.jpg,782,Derecho,458,1
346,true,5/27/2023,9/26/2023,Jolee,Garrett,Nicki,imagenes/empty.jpg,418,Contabilidad,662,1
347,false,6/5/2023,3/13/2023,Vick,Worthington,Pegeen,imagenes/empty.jpg,358,Administración,248,1
348,true,10/8/2023,4/26/2023,Randi,Eldin,Barbi,imagenes/empty.jpg,216,Contabilidad,565,1
349,false,7/26/2023,8/28/2023,Cary,Tudor,Kakalina,imagenes/empty.jpg,485,Contabilidad,992,1
350,false,1/30/2023,3/31/2023,Hal,Bret,Saloma,imagenes/empty.jpg,527,Contabilidad,936,1
351,true,9/11/2023,5/30/2023,Sayres,Brock,Ada,imagenes/empty.jpg,222,Contabilidad,721,1
352,false,5/22/2023,3/4/2023,Pete,Read,Lurline,imagenes/empty.jpg,601,Derecho,891,1
353,true,1/30/2023,11/20/2023,Shina,Harold,Loise,imagenes/empty.jpg,569,Contabilidad,816,1
354,false,4/23/2023,11/18/2023,Chris,Edgard,Giulia,imagenes/empty.jpg,769,Derecho,552,1
355,false,7/2/2023,2/14/2023,Goober,Peadar,Glennis,imagenes/empty.jpg,952,Derecho,824,1
356,false,4/15/2023,4/2/2023,Dniren,Franky,Denys,imagenes/empty.jpg,4,Sistemas,567,1
357,false,12/31/2023,8/23/2023,Bone,Floyd,Rakel,imagenes/empty.jpg,160,Derecho,122,1
358,false,9/29/2023,3/7/2023,Harman,Matteo,Giulietta,imagenes/empty.jpg,324,Derecho,714,1
359,true,11/14/2023,4/18/2023,Emogene,Kit,Agretha,imagenes/empty.jpg,339,Derecho,813,1
360,true,8/24/2023,11/3/2023,Vera,Gabriele,Dacy,imagenes/empty.jpg,886,Sistemas,674,1
361,true,7/16/2023,4/20/2023,Ham,Hagan,Lorri,imagenes/empty.jpg,552,Sistemas,566,1
362,true,5/28/2023,12/13/2023,Arlana,Ronny,Marti,imagenes/empty.jpg,783,Administración,661,1
363,false,2/26/2023,10/25/2023,Richard,Codie,Ilsa,imagenes/empty.jpg,602,Sistemas,780,1
364,false,1/4/2024,8/31/2023,Pansy,Bald,Mehetabel,imagenes/empty.jpg,900,Administración,27,1
365,false,2/9/2023,3/23/2023,Eugenie,Emmott,Prudi,imagenes/empty.jpg,1,Contabilidad,982,1
366,false,10/10/2023,8/5/2023,Mic,Henderson,Guillema,imagenes/empty.jpg,864,Contabilidad,625,1
367,false,12/17/2023,6/15/2023,Hildy,Gasper,Arabelle,imagenes/empty.jpg,985,Sistemas,645,1
368,false,8/31/2023,6/7/2023,Corene,Saul,Prisca,imagenes/empty.jpg,422,Administración,736,1
369,true,5/19/2023,8/9/2023,Deedee,Antony,Denni,imagenes/empty.jpg,380,Administración,934,1
370,true,2/16/2023,10/8/2023,Randi,Rich,Gizela,imagenes/empty.jpg,230,Derecho,219,1
371,false,7/2/2023,1/26/2023,Debee,Antons,Leilah,imagenes/empty.jpg,502,Contabilidad,567,1
372,true,1/27/2023,6/6/2023,Betti,Nap,Myrah,imagenes/empty.jpg,594,Administración,812,1
373,false,5/21/2023,1/24/2023,Monti,Bone,Nicoline,imagenes/empty.jpg,613,Administración,417,1
374,false,11/6/2023,11/11/2023,Gertrude,Franzen,Maxy,imagenes/empty.jpg,201,Derecho,982,1
375,false,9/1/2023,1/4/2024,Reinold,Raff,Viv,imagenes/empty.jpg,117,Sistemas,418,1
376,true,12/4/2023,4/15/2023,Kattie,Sandy,Kerry,imagenes/empty.jpg,341,Administración,204,1
377,true,6/1/2023,12/25/2023,Bertha,Gianni,Evangelia,imagenes/empty.jpg,119,Administración,56,1
378,true,6/23/2023,7/13/2023,Reid,Rossy,Valene,imagenes/empty.jpg,961,Derecho,276,1
379,false,5/1/2023,6/6/2023,Celle,Vaclav,Agnesse,imagenes/empty.jpg,251,Sistemas,51,1
380,true,5/30/2023,4/22/2023,Balduin,Tuckie,Rhody,imagenes/empty.jpg,989,Administración,403,1
381,false,6/14/2023,10/25/2023,Bryon,Hy,Jocelyn,imagenes/empty.jpg,553,Contabilidad,244,1
382,false,12/4/2023,1/1/2024,Sabine,Rene,Emmaline,imagenes/empty.jpg,701,Sistemas,552,1
383,true,8/21/2023,3/23/2023,Barney,Christiano,Leonelle,imagenes/empty.jpg,469,Administración,669,1
384,false,8/22/2023,4/12/2023,Merrilee,Aymer,Margery,imagenes/empty.jpg,663,Sistemas,306,1
385,true,1/25/2023,5/4/2023,Gwyneth,Marlow,Merrielle,imagenes/empty.jpg,699,Administración,106,1
386,true,12/2/2023,7/4/2023,Sayre,Justinian,Madelina,imagenes/empty.jpg,703,Derecho,358,1
387,false,1/11/2024,8/11/2023,Dukie,Elvis,Thomasine,imagenes/empty.jpg,26,Contabilidad,540,1
388,false,8/14/2023,12/9/2023,Myca,Iggie,Laurie,imagenes/empty.jpg,269,Derecho,66,1
389,true,9/11/2023,7/11/2023,Selena,Kalil,Wilone,imagenes/empty.jpg,552,Contabilidad,622,1
390,true,7/1/2023,10/7/2023,Alison,Meir,Vanessa,imagenes/empty.jpg,403,Sistemas,355,1
391,true,7/12/2023,9/3/2023,Dicky,Andre,Josee,imagenes/empty.jpg,475,Sistemas,370,1
392,false,9/21/2023,5/26/2023,Bernarr,Kenn,Myrtia,imagenes/empty.jpg,233,Derecho,596,1
393,true,8/29/2023,4/18/2023,Tucker,Balduin,Harli,imagenes/empty.jpg,799,Administración,582,1
394,true,10/27/2023,8/27/2023,Cilka,Thaxter,Helen,imagenes/empty.jpg,436,Administración,393,1
395,true,2/10/2023,9/5/2023,Sydelle,Hew,Malinda,imagenes/empty.jpg,268,Administración,289,1
396,false,1/19/2023,6/8/2023,Tilda,Harbert,Clarita,imagenes/empty.jpg,360,Sistemas,222,1
397,true,5/23/2023,1/7/2024,Betta,Jens,Lena,imagenes/empty.jpg,441,Contabilidad,623,1
398,true,11/4/2023,4/28/2023,Bette-ann,Levy,Estel,imagenes/empty.jpg,462,Administración,700,1
399,false,12/7/2023,4/5/2023,Sosanna,Adrien,Layney,imagenes/empty.jpg,552,Administración,186,1
400,false,11/22/2023,12/5/2023,Gertrudis,Charlie,Noemi,imagenes/empty.jpg,211,Derecho,718,1
401,false,7/10/2023,9/12/2023,Free,Reynolds,Josefa,imagenes/empty.jpg,750,Contabilidad,546,1
402,true,9/7/2023,11/26/2023,Tiebold,Byrle,Hanni,imagenes/empty.jpg,114,Contabilidad,643,1
403,false,7/14/2023,7/2/2023,Nikaniki,Shepperd,Jobina,imagenes/empty.jpg,370,Administración,709,1
404,false,6/30/2023,5/26/2023,Lilllie,Julian,Phyllida,imagenes/empty.jpg,31,Contabilidad,755,1
405,true,3/16/2023,1/3/2024,Miltie,Barrie,Inga,imagenes/empty.jpg,607,Derecho,961,1
406,false,1/7/2024,10/4/2023,Annette,Ezri,Pansie,imagenes/empty.jpg,756,Administración,721,1
407,true,9/7/2023,5/27/2023,Marje,Chan,Dyna,imagenes/empty.jpg,913,Administración,529,1
408,true,4/25/2023,4/25/2023,Domeniga,Nikos,Ethelda,imagenes/empty.jpg,799,Derecho,336,1
409,false,4/17/2023,2/18/2023,Bob,Cordy,Mallissa,imagenes/empty.jpg,343,Derecho,587,1
410,true,11/21/2023,4/23/2023,Lila,Bertie,Katherina,imagenes/empty.jpg,99,Derecho,232,1
411,true,1/14/2024,4/4/2023,Corny,Carver,Suzanna,imagenes/empty.jpg,475,Derecho,822,1
412,true,5/17/2023,5/29/2023,Doti,Xerxes,Ceil,imagenes/empty.jpg,588,Contabilidad,878,1
413,true,10/23/2023,1/5/2024,Beck,Car,Agna,imagenes/empty.jpg,840,Administración,258,1
414,true,6/13/2023,9/13/2023,Royce,Ira,Nanci,imagenes/empty.jpg,974,Derecho,944,1
415,false,12/23/2023,12/2/2023,Tades,Bucky,Deina,imagenes/empty.jpg,97,Administración,768,1
416,false,8/5/2023,7/11/2023,Zara,Chad,Riane,imagenes/empty.jpg,101,Derecho,404,1
417,false,4/28/2023,10/2/2023,Elsie,Jasper,Risa,imagenes/empty.jpg,730,Sistemas,834,1
418,true,1/3/2024,3/29/2023,Roldan,Cosimo,Dasya,imagenes/empty.jpg,497,Contabilidad,232,1
419,false,9/23/2023,9/11/2023,Jorge,Berkley,Nikki,imagenes/empty.jpg,655,Derecho,224,1
420,false,12/24/2023,11/8/2023,Kelley,Cordie,Rubina,imagenes/empty.jpg,851,Derecho,247,1
421,true,9/29/2023,7/28/2023,Pierette,Walton,Lyndsay,imagenes/empty.jpg,552,Administración,685,1
422,true,3/14/2023,5/6/2023,Orin,Arty,Georgina,imagenes/empty.jpg,708,Sistemas,661,1
423,true,8/24/2023,5/12/2023,Tadeas,Julius,Perle,imagenes/empty.jpg,722,Administración,229,1
424,true,1/23/2023,8/10/2023,Sadella,Konrad,Ajay,imagenes/empty.jpg,448,Derecho,640,1
425,false,5/25/2023,7/23/2023,Marje,Matty,Viviana,imagenes/empty.jpg,9,Contabilidad,311,1
426,true,6/26/2023,8/21/2023,Donnajean,Gaspar,Pavia,imagenes/empty.jpg,362,Administración,703,1
427,false,4/5/2023,12/18/2023,Meier,Kelwin,Merna,imagenes/empty.jpg,335,Derecho,327,1
428,false,10/13/2023,3/25/2023,Cherlyn,Arnoldo,Cassaundra,imagenes/empty.jpg,513,Derecho,761,1
429,false,10/24/2023,11/22/2023,Bear,Gabriel,Sharl,imagenes/empty.jpg,168,Administración,112,1
430,true,11/4/2023,1/17/2023,Lena,Kimble,Benedicta,imagenes/empty.jpg,803,Administración,362,1
431,false,1/5/2024,10/16/2023,Farrell,Markos,Drucie,imagenes/empty.jpg,300,Contabilidad,133,1
432,false,9/12/2023,7/3/2023,Alonzo,Reginauld,Gae,imagenes/empty.jpg,455,Sistemas,157,1
433,false,1/27/2023,3/12/2023,Marcelia,Christian,Theresina,imagenes/empty.jpg,801,Derecho,928,1
434,true,10/22/2023,10/26/2023,Jolee,Aldrich,Tamarah,imagenes/empty.jpg,702,Derecho,990,1
435,false,1/14/2024,5/16/2023,Arda,Mahmoud,Xylina,imagenes/empty.jpg,507,Administración,442,1
436,true,7/2/2023,7/7/2023,Sam,Addison,Elissa,imagenes/empty.jpg,621,Administración,128,1
437,false,4/14/2023,10/13/2023,Jocko,Waiter,Vina,imagenes/empty.jpg,834,Sistemas,617,1
438,false,2/5/2023,12/30/2023,Maurise,Matthiew,Clarine,imagenes/empty.jpg,978,Administración,925,1
439,true,3/14/2023,4/21/2023,Conchita,Cam,Hedi,imagenes/empty.jpg,273,Contabilidad,596,1
440,true,2/17/2023,2/4/2023,Tades,Mahmud,Mehetabel,imagenes/empty.jpg,439,Contabilidad,140,1
441,true,6/25/2023,7/30/2023,Joleen,Igor,Keslie,imagenes/empty.jpg,258,Derecho,566,1
442,true,11/20/2023,5/12/2023,Zaccaria,Tomkin,Babita,imagenes/empty.jpg,147,Administración,383,1
443,false,3/7/2023,3/23/2023,Grace,Wyndham,Kath,imagenes/empty.jpg,711,Derecho,675,1
444,false,8/8/2023,11/19/2023,Eugenie,Floyd,Tybi,imagenes/empty.jpg,982,Administración,670,1
445,true,5/15/2023,2/9/2023,Lammond,Hilarius,Mirabelle,imagenes/empty.jpg,456,Contabilidad,282,1
446,true,11/6/2023,11/24/2023,Jud,Salomon,Stepha,imagenes/empty.jpg,176,Derecho,298,1
447,true,2/28/2023,2/9/2023,Wallie,Griffith,Lyndsey,imagenes/empty.jpg,7,Sistemas,659,1
448,true,10/20/2023,8/3/2023,Eddy,Hughie,Erna,imagenes/empty.jpg,850,Derecho,521,1
449,true,5/10/2023,6/17/2023,Luella,Emanuele,Zora,imagenes/empty.jpg,636,Administración,231,1
450,true,4/26/2023,1/8/2024,Averil,Avery,Kizzee,imagenes/empty.jpg,354,Administración,900,1
451,false,6/19/2023,12/28/2023,Rozina,Jamey,Maribel,imagenes/empty.jpg,298,Derecho,855,1
452,false,3/19/2023,5/9/2023,Meredith,Siffre,Grata,imagenes/empty.jpg,485,Contabilidad,322,1
453,true,9/13/2023,7/15/2023,Westleigh,Salim,Antonietta,imagenes/empty.jpg,653,Administración,85,1
454,true,5/19/2023,9/23/2023,Tabbitha,Tedd,Easter,imagenes/empty.jpg,272,Derecho,732,1
455,false,4/23/2023,8/10/2023,Jillayne,Dani,Bernette,imagenes/empty.jpg,620,Contabilidad,73,1
456,true,10/4/2023,10/5/2023,Felicle,Niel,Tommy,imagenes/empty.jpg,242,Derecho,911,1
457,true,3/3/2023,10/19/2023,Elyssa,Abdel,Shaylyn,imagenes/empty.jpg,842,Derecho,774,1
458,false,12/26/2023,1/25/2023,Vladamir,Kaleb,Josefina,imagenes/empty.jpg,282,Administración,235,1
459,false,8/16/2023,12/24/2023,Sonni,Meredeth,Kathleen,imagenes/empty.jpg,926,Administración,202,1
460,false,4/20/2023,8/26/2023,Evanne,Lucas,Adriana,imagenes/empty.jpg,436,Sistemas,897,1
461,true,4/12/2023,6/14/2023,Norman,Forrester,Mellie,imagenes/empty.jpg,423,Administración,775,1
462,true,8/29/2023,6/15/2023,Phillis,Osgood,Hedvige,imagenes/empty.jpg,159,Sistemas,333,1
463,false,8/17/2023,1/9/2024,Anson,Sammy,Arliene,imagenes/empty.jpg,280,Administración,63,1
464,false,1/19/2023,8/4/2023,Michaelina,Leonidas,Zena,imagenes/empty.jpg,258,Derecho,236,1
465,true,8/26/2023,7/26/2023,Florri,Kennedy,Debora,imagenes/empty.jpg,480,Administración,307,1
466,false,12/13/2023,1/17/2023,Brigg,Blayne,Ardath,imagenes/empty.jpg,789,Derecho,942,1
467,false,11/28/2023,6/18/2023,Orren,Keane,Simonette,imagenes/empty.jpg,37,Contabilidad,666,1
468,true,7/25/2023,10/2/2023,Travis,Lauritz,Lenore,imagenes/empty.jpg,818,Sistemas,496,1
469,false,2/16/2023,10/19/2023,Jareb,Uri,Kassey,imagenes/empty.jpg,348,Sistemas,403,1
470,false,3/26/2023,3/13/2023,Kaitlyn,Demetris,Carina,imagenes/empty.jpg,493,Derecho,784,1
471,true,1/3/2024,9/26/2023,Barton,Skipton,Magdaia,imagenes/empty.jpg,756,Sistemas,232,1
472,false,9/11/2023,1/18/2023,Omero,Trey,Gabriela,imagenes/empty.jpg,95,Sistemas,113,1
473,true,9/18/2023,5/11/2023,Alysia,Carny,Georgie,imagenes/empty.jpg,168,Sistemas,456,1
474,true,7/22/2023,4/27/2023,Leonore,Peder,Bettye,imagenes/empty.jpg,851,Administración,535,1
475,false,5/31/2023,6/8/2023,Robinetta,Nikolas,Elinore,imagenes/empty.jpg,391,Derecho,391,1
476,false,9/3/2023,9/17/2023,Sonya,Luciano,Carole,imagenes/empty.jpg,433,Administración,651,1
477,true,8/27/2023,6/12/2023,Garwin,Neill,Mariska,imagenes/empty.jpg,936,Derecho,291,1
478,false,1/15/2024,9/14/2023,Lyndell,Ronnie,Angelika,imagenes/empty.jpg,234,Sistemas,63,1
479,false,11/26/2023,12/7/2023,Patricio,Berne,Florence,imagenes/empty.jpg,182,Sistemas,485,1
480,true,8/14/2023,2/10/2023,Hans,Norman,Cleopatra,imagenes/empty.jpg,411,Administración,397,1
481,true,5/29/2023,7/7/2023,Reggi,Teodoro,Ardra,imagenes/empty.jpg,247,Contabilidad,739,1
482,true,8/27/2023,2/18/2023,Izaak,My,Lorettalorna,imagenes/empty.jpg,178,Derecho,255,1
483,true,3/25/2023,6/26/2023,Bertrando,Hakeem,Charmian,imagenes/empty.jpg,422,Sistemas,294,1
484,true,7/6/2023,5/25/2023,Emmet,Stanton,Selina,imagenes/empty.jpg,165,Derecho,578,1
485,true,7/7/2023,12/3/2023,Sharlene,Donovan,Alejandrina,imagenes/empty.jpg,647,Administración,614,1
486,false,12/12/2023,11/20/2023,Morten,Lazare,Fionna,imagenes/empty.jpg,912,Administración,61,1
487,true,6/25/2023,9/6/2023,Perceval,Chester,Gerty,imagenes/empty.jpg,821,Contabilidad,219,1
488,false,1/1/2024,8/2/2023,Onfre,Delmar,Analise,imagenes/empty.jpg,875,Sistemas,90,1
489,true,3/12/2023,12/7/2023,Staffard,Conrad,Molli,imagenes/empty.jpg,903,Administración,125,1
490,false,3/25/2023,3/16/2023,Conway,Hammad,Marja,imagenes/empty.jpg,235,Contabilidad,470,1
491,false,3/24/2023,10/21/2023,Marie-jeanne,Friedrick,Naomi,imagenes/empty.jpg,893,Derecho,10,1
492,true,3/22/2023,7/21/2023,Joanie,Erhart,Debera,imagenes/empty.jpg,585,Sistemas,844,1
493,false,1/15/2024,8/12/2023,Ruthy,Curr,Caressa,imagenes/empty.jpg,249,Derecho,529,1
494,true,4/3/2023,5/26/2023,Kerry,Pepillo,Edeline,imagenes/empty.jpg,317,Administración,961,1
495,false,12/19/2023,8/26/2023,Sheffy,Reginauld,Sam,imagenes/empty.jpg,784,Derecho,661,1
496,true,12/23/2023,1/11/2024,Aveline,Prinz,Ailyn,imagenes/empty.jpg,271,Sistemas,554,1
497,true,2/16/2023,9/16/2023,Ekaterina,Ian,Dareen,imagenes/empty.jpg,911,Administración,144,1
498,true,3/19/2023,3/19/2023,Wesley,Lamar,Lisa,imagenes/empty.jpg,231,Contabilidad,271,1
499,false,10/28/2023,7/25/2023,Raye,Nevil,Deonne,imagenes/empty.jpg,529,Administración,87,1
500,false,4/11/2023,8/21/2023,Libbey,Esra,Sukey,imagenes/empty.jpg,481,Sistemas,38,1
501,false,6/13/2023,6/10/2023,Giselle,Clywd,Lula,imagenes/empty.jpg,548,Administración,43,1
502,false,4/1/2023,5/15/2023,Patric,Ugo,Arliene,imagenes/empty.jpg,598,Derecho,645,1
503,true,12/7/2023,9/5/2023,D'arcy,Erasmus,Ursulina,imagenes/empty.jpg,587,Sistemas,762,1
504,true,7/28/2023,7/31/2023,Dar,Gardy,Eudora,imagenes/empty.jpg,77,Sistemas,266,1
505,false,12/5/2023,2/13/2023,Freida,Waite,Elfrida,imagenes/empty.jpg,949,Contabilidad,839,1
506,false,2/10/2023,2/27/2023,Angelico,Zacharia,Jacki,imagenes/empty.jpg,875,Derecho,959,1
507,true,8/29/2023,10/25/2023,Garrard,Burgess,Nancey,imagenes/empty.jpg,357,Sistemas,912,1
508,false,11/27/2023,11/21/2023,Kelley,Court,Eva,imagenes/empty.jpg,99,Administración,49,1
509,false,5/5/2023,8/8/2023,Albrecht,Quinton,Deloria,imagenes/empty.jpg,949,Administración,133,1
510,false,9/3/2023,9/7/2023,Jewell,Des,Randene,imagenes/empty.jpg,832,Derecho,651,1
511,false,3/13/2023,1/14/2024,Ripley,Fonsie,Wilow,imagenes/empty.jpg,860,Administración,608,1
512,true,4/18/2023,4/26/2023,Sigrid,Clayborn,Lezlie,imagenes/empty.jpg,320,Derecho,26,1
513,true,3/6/2023,1/11/2024,Art,Matthias,Chanda,imagenes/empty.jpg,308,Administración,528,1
514,true,1/10/2024,7/10/2023,Sukey,Stewart,Tiffanie,imagenes/empty.jpg,663,Sistemas,868,1
515,true,1/4/2024,1/10/2024,Saree,Nestor,Jennilee,imagenes/empty.jpg,624,Contabilidad,664,1
516,false,7/26/2023,5/2/2023,Liva,Yorgos,Calypso,imagenes/empty.jpg,789,Administración,213,1
517,false,6/29/2023,8/2/2023,Tiphani,Conny,Alis,imagenes/empty.jpg,735,Administración,581,1
518,false,12/15/2023,4/20/2023,Kit,Conroy,Cally,imagenes/empty.jpg,363,Sistemas,666,1
519,true,12/30/2023,5/17/2023,Rachele,Nikita,Stephani,imagenes/empty.jpg,567,Sistemas,170,1
520,false,3/8/2023,12/12/2023,Leonelle,Silvester,Iona,imagenes/empty.jpg,994,Administración,321,1
521,false,9/28/2023,6/6/2023,Wilmar,Mortimer,Moreen,imagenes/empty.jpg,273,Administración,118,1
522,true,3/17/2023,3/16/2023,Val,Emory,Selena,imagenes/empty.jpg,957,Sistemas,476,1
523,true,12/30/2023,1/14/2024,Benjamin,Brandy,Ilsa,imagenes/empty.jpg,625,Contabilidad,897,1
524,false,6/5/2023,2/14/2023,Rod,Jeff,Sigrid,imagenes/empty.jpg,980,Administración,46,1
525,false,6/22/2023,7/4/2023,Jessee,Bogey,Antonietta,imagenes/empty.jpg,586,Derecho,898,1
526,true,3/28/2023,9/13/2023,Darlleen,Frasier,Devon,imagenes/empty.jpg,47,Sistemas,292,1
527,true,2/2/2023,12/17/2023,Vonny,Ethelred,Becky,imagenes/empty.jpg,821,Administración,914,1
528,true,11/6/2023,12/21/2023,Collin,Fabian,Martica,imagenes/empty.jpg,947,Sistemas,201,1
529,false,2/3/2023,6/1/2023,Danit,Kendall,Gaynor,imagenes/empty.jpg,842,Administración,132,1
530,false,9/13/2023,8/6/2023,Olva,Cordy,Mellicent,imagenes/empty.jpg,685,Administración,237,1
531,false,9/23/2023,12/11/2023,Clare,Griswold,Leonora,imagenes/empty.jpg,84,Administración,454,1
532,false,2/11/2023,2/2/2023,Nicol,Cazzie,Jodee,imagenes/empty.jpg,87,Administración,552,1
533,true,9/17/2023,3/2/2023,Noelyn,Rodolfo,Brandais,imagenes/empty.jpg,925,Sistemas,548,1
534,true,2/14/2023,9/7/2023,Chery,Burg,Kinna,imagenes/empty.jpg,745,Sistemas,567,1
535,true,12/4/2023,8/30/2023,Corette,Ogdon,Crista,imagenes/empty.jpg,142,Derecho,924,1
536,true,3/28/2023,5/24/2023,Mayer,Garald,Stacie,imagenes/empty.jpg,469,Sistemas,358,1
537,true,3/25/2023,12/8/2023,Odetta,Kane,Trula,imagenes/empty.jpg,874,Sistemas,301,1
538,true,5/4/2023,2/13/2023,Lou,Eliot,Damita,imagenes/empty.jpg,358,Administración,650,1
539,true,12/30/2023,3/31/2023,Geordie,Preston,Lorrayne,imagenes/empty.jpg,346,Contabilidad,748,1
540,false,4/16/2023,7/3/2023,Batholomew,Caesar,Cherish,imagenes/empty.jpg,307,Sistemas,37,1
541,true,10/29/2023,6/20/2023,Zebadiah,Norbert,Marilee,imagenes/empty.jpg,107,Administración,294,1
542,true,3/12/2023,6/18/2023,Ad,Gayelord,Ardella,imagenes/empty.jpg,287,Contabilidad,537,1
543,true,8/7/2023,12/13/2023,Magnum,Sammy,Alli,imagenes/empty.jpg,632,Administración,594,1
544,true,5/24/2023,7/11/2023,Suzi,Gregorius,Carolina,imagenes/empty.jpg,240,Derecho,431,1
545,true,2/12/2023,1/26/2023,Maison,Brantley,Salome,imagenes/empty.jpg,658,Derecho,987,1
546,true,7/29/2023,2/18/2023,Cordie,Salmon,Guillema,imagenes/empty.jpg,92,Contabilidad,670,1
547,true,4/13/2023,5/24/2023,Cozmo,Job,Cynthea,imagenes/empty.jpg,981,Derecho,296,1
548,false,10/3/2023,9/17/2023,Sanderson,Mendie,Nola,imagenes/empty.jpg,643,Sistemas,606,1
549,true,10/19/2023,12/6/2023,Decca,Dur,Almeta,imagenes/empty.jpg,221,Contabilidad,547,1
550,true,8/19/2023,2/27/2023,Shelly,Svend,Brana,imagenes/empty.jpg,394,Administración,765,1
551,true,9/25/2023,2/15/2023,Sanders,Tyson,Etta,imagenes/empty.jpg,52,Derecho,693,1
552,true,12/2/2023,8/18/2023,Betta,Whitney,Valida,imagenes/empty.jpg,716,Contabilidad,672,1
553,true,6/23/2023,7/19/2023,Gerome,Merwin,Talia,imagenes/empty.jpg,222,Contabilidad,926,1
554,true,5/7/2023,7/19/2023,Adrea,Brett,Othilie,imagenes/empty.jpg,953,Administración,515,1
555,true,7/14/2023,4/14/2023,Andie,Alfonso,Noelani,imagenes/empty.jpg,543,Contabilidad,256,1
556,true,8/5/2023,12/9/2023,Corby,Zerk,Lynn,imagenes/empty.jpg,945,Sistemas,428,1
557,true,6/4/2023,3/26/2023,Orlan,Odo,Vilma,imagenes/empty.jpg,313,Contabilidad,499,1
558,true,1/14/2024,8/19/2023,Felicia,Heriberto,Stacy,imagenes/empty.jpg,55,Sistemas,17,1
559,false,3/30/2023,7/15/2023,Jessi,Axel,Cheri,imagenes/empty.jpg,274,Administración,950,1
560,true,2/27/2023,11/1/2023,Augy,Hoebart,Drona,imagenes/empty.jpg,589,Administración,230,1
561,false,4/19/2023,9/23/2023,Rodina,Ciro,Dianemarie,imagenes/empty.jpg,322,Contabilidad,738,1
562,false,3/29/2023,3/3/2023,Pru,Riordan,Mercy,imagenes/empty.jpg,985,Derecho,756,1
563,false,8/5/2023,11/28/2023,Sunny,Chad,Nicky,imagenes/empty.jpg,706,Derecho,29,1
564,false,5/7/2023,9/22/2023,Brandais,Nikolos,Aloysia,imagenes/empty.jpg,768,Derecho,955,1
565,true,7/24/2023,1/11/2024,Berti,Cornall,Lorry,imagenes/empty.jpg,939,Contabilidad,487,1
566,false,11/5/2023,12/16/2023,Marillin,Christiano,Sasha,imagenes/empty.jpg,678,Administración,265,1
567,true,8/16/2023,3/19/2023,Sanson,Mick,Lee,imagenes/empty.jpg,116,Contabilidad,403,1
568,false,7/28/2023,3/27/2023,Charlean,Brendon,Hyacinthe,imagenes/empty.jpg,296,Sistemas,915,1
569,true,11/6/2023,8/21/2023,Hildagarde,Raleigh,Martha,imagenes/empty.jpg,885,Contabilidad,911,1
570,true,12/18/2023,8/10/2023,Tanhya,Ebeneser,Corenda,imagenes/empty.jpg,460,Sistemas,963,1
571,false,2/25/2023,11/10/2023,Katlin,Tymon,Beitris,imagenes/empty.jpg,284,Derecho,992,1
572,true,3/10/2023,6/13/2023,Jason,Armin,Elisa,imagenes/empty.jpg,837,Administración,713,1
573,false,7/31/2023,6/16/2023,Shantee,Jonah,Haleigh,imagenes/empty.jpg,822,Contabilidad,52,1
574,true,11/17/2023,9/3/2023,Trula,Neville,Valentine,imagenes/empty.jpg,882,Sistemas,351,1
575,false,1/3/2024,1/2/2024,Allegra,Major,Daryn,imagenes/empty.jpg,189,Administración,390,1
576,true,5/20/2023,2/12/2023,Linnet,Bram,Trudy,imagenes/empty.jpg,688,Sistemas,860,1
577,false,11/5/2023,1/22/2023,Annetta,Padget,Jany,imagenes/empty.jpg,674,Contabilidad,886,1
578,true,3/31/2023,3/10/2023,Alexandra,Phillip,Heidi,imagenes/empty.jpg,955,Contabilidad,764,1
579,true,3/25/2023,12/18/2023,Winfred,Timmy,Zaria,imagenes/empty.jpg,601,Derecho,983,1
580,true,7/7/2023,2/21/2023,Syman,Mylo,Ardyce,imagenes/empty.jpg,270,Contabilidad,462,1
581,false,8/8/2023,6/19/2023,Adam,Dudley,Beckie,imagenes/empty.jpg,534,Contabilidad,632,1
582,false,10/22/2023,10/4/2023,Merissa,Mal,Donni,imagenes/empty.jpg,351,Contabilidad,771,1
583,false,11/17/2023,11/9/2023,Sarene,Yurik,Ardisj,imagenes/empty.jpg,790,Derecho,522,1
584,true,11/9/2023,1/6/2024,Reggie,Ogdon,Annnora,imagenes/empty.jpg,659,Sistemas,489,1
585,true,9/16/2023,1/30/2023,Amery,Freedman,Barbey,imagenes/empty.jpg,363,Contabilidad,943,1
586,true,8/3/2023,2/1/2023,Charlena,Shannan,Haley,imagenes/empty.jpg,600,Administración,226,1
587,false,7/3/2023,6/10/2023,Davina,Nikki,Pietra,imagenes/empty.jpg,764,Derecho,348,1
588,false,3/15/2023,7/30/2023,Dugald,Cazzie,Melodee,imagenes/empty.jpg,855,Contabilidad,643,1
589,false,3/9/2023,9/7/2023,Sianna,Francis,Heidi,imagenes/empty.jpg,792,Contabilidad,799,1
590,true,12/1/2023,3/22/2023,Brittan,Morten,Sandra,imagenes/empty.jpg,413,Derecho,993,1
591,true,3/2/2023,10/21/2023,Melodee,Frasquito,Georgia,imagenes/empty.jpg,238,Derecho,581,1
592,true,10/11/2023,12/20/2023,Georgena,Brendin,Viva,imagenes/empty.jpg,251,Contabilidad,668,1
593,true,6/5/2023,11/8/2023,Robbie,Rupert,Ainsley,imagenes/empty.jpg,476,Sistemas,221,1
594,false,7/9/2023,7/5/2023,Hashim,Hort,Lind,imagenes/empty.jpg,773,Administración,393,1
595,true,6/11/2023,1/5/2024,Keri,Valdemar,Gwyneth,imagenes/empty.jpg,166,Administración,70,1
596,true,12/5/2023,3/17/2023,Massimiliano,Arvin,Cacilia,imagenes/empty.jpg,420,Derecho,588,1
597,false,7/4/2023,5/2/2023,Forest,Gilles,Shannah,imagenes/empty.jpg,827,Contabilidad,941,1
598,false,10/23/2023,6/24/2023,Maxie,Ulick,Ruth,imagenes/empty.jpg,368,Derecho,170,1
599,true,9/4/2023,12/13/2023,Bryanty,Andonis,Quinta,imagenes/empty.jpg,226,Contabilidad,118,1
600,false,4/3/2023,3/2/2023,Curr,Burton,Amargo,imagenes/empty.jpg,660,Derecho,404,1
601,true,6/18/2023,8/1/2023,Valentia,Paquito,Van,imagenes/empty.jpg,732,Derecho,172,1
602,false,1/24/2023,9/3/2023,Devy,Vaughan,Konstance,imagenes/empty.jpg,921,Sistemas,157,1
603,true,12/16/2023,11/26/2023,Verney,Worthy,Alyson,imagenes/empty.jpg,880,Administración,333,1
604,false,6/18/2023,8/14/2023,Robert,Brantley,Dian,imagenes/empty.jpg,658,Administración,500,1
605,false,8/6/2023,2/14/2023,Vasily,Jozef,Greer,imagenes/empty.jpg,484,Contabilidad,509,1
606,true,7/9/2023,12/25/2023,Jarib,Abner,Siouxie,imagenes/empty.jpg,404,Derecho,989,1
607,true,5/20/2023,5/29/2023,Rubi,Mattheus,Leda,imagenes/empty.jpg,959,Contabilidad,674,1
608,true,10/30/2023,12/12/2023,Phip,Jephthah,Tony,imagenes/empty.jpg,66,Contabilidad,978,1
609,true,5/12/2023,12/24/2023,Norri,Shane,Danica,imagenes/empty.jpg,136,Sistemas,846,1
610,false,9/27/2023,3/5/2023,Carrissa,Aron,Anette,imagenes/empty.jpg,209,Contabilidad,680,1
611,true,9/15/2023,2/8/2023,Court,Teodoor,Kassia,imagenes/empty.jpg,276,Contabilidad,393,1
612,true,7/31/2023,1/30/2023,Consalve,Thane,Stephi,imagenes/empty.jpg,318,Derecho,836,1
613,false,1/13/2024,2/23/2023,Petrina,Berty,Rori,imagenes/empty.jpg,75,Derecho,73,1
614,false,8/31/2023,2/26/2023,Jaquenette,Pall,Rafa,imagenes/empty.jpg,735,Sistemas,824,1
615,true,10/7/2023,5/14/2023,Beverlie,Rod,Lynsey,imagenes/empty.jpg,186,Sistemas,155,1
616,false,11/29/2023,1/7/2024,Terrijo,Deane,Dorise,imagenes/empty.jpg,939,Administración,565,1
617,false,4/8/2023,4/8/2023,Lazaro,Winny,Perl,imagenes/empty.jpg,870,Derecho,236,1
618,true,2/28/2023,1/13/2024,Job,Kincaid,Anastasie,imagenes/empty.jpg,460,Administración,852,1
619,false,5/26/2023,3/10/2023,Wilona,Franciskus,Dolli,imagenes/empty.jpg,420,Derecho,743,1
620,false,11/27/2023,12/25/2023,Ulrick,Dani,Eba,imagenes/empty.jpg,77,Contabilidad,37,1
621,true,2/16/2023,7/14/2023,Hettie,Nefen,Nonie,imagenes/empty.jpg,946,Contabilidad,246,1
622,true,1/14/2024,3/12/2023,Nata,Ase,Jeni,imagenes/empty.jpg,531,Administración,631,1
623,true,7/31/2023,10/24/2023,Claudius,Dionysus,Josselyn,imagenes/empty.jpg,713,Administración,179,1
624,false,3/1/2023,9/16/2023,Olav,Ignaz,Gratiana,imagenes/empty.jpg,985,Sistemas,250,1
625,true,1/16/2023,6/13/2023,Randy,Joey,Brittany,imagenes/empty.jpg,130,Administración,534,1
626,true,6/3/2023,9/7/2023,Ruby,Virgie,Elset,imagenes/empty.jpg,98,Sistemas,983,1
627,true,10/31/2023,6/25/2023,Leslie,Isaak,Austin,imagenes/empty.jpg,157,Sistemas,313,1
628,true,8/5/2023,6/26/2023,Pall,Culley,Pet,imagenes/empty.jpg,4,Derecho,635,1
629,false,8/8/2023,9/28/2023,Teressa,Tuckie,Renelle,imagenes/empty.jpg,979,Contabilidad,166,1
630,true,9/25/2023,7/21/2023,Loy,Perceval,Manda,imagenes/empty.jpg,176,Administración,523,1
631,false,8/20/2023,3/7/2023,Kippie,Averell,Hilde,imagenes/empty.jpg,554,Sistemas,973,1
632,true,6/26/2023,4/27/2023,Stavro,Siegfried,Xenia,imagenes/empty.jpg,950,Contabilidad,59,1
633,true,12/23/2023,10/12/2023,Brander,Lowell,Zorana,imagenes/empty.jpg,834,Contabilidad,973,1
634,true,10/18/2023,12/4/2023,Steven,Hubert,Thelma,imagenes/empty.jpg,809,Sistemas,512,1
635,true,4/22/2023,5/2/2023,Jeffy,Hillary,Rici,imagenes/empty.jpg,889,Contabilidad,975,1
636,false,7/4/2023,12/1/2023,Chrissy,Birch,Roberta,imagenes/empty.jpg,245,Contabilidad,781,1
637,true,5/15/2023,4/17/2023,Adham,Quinlan,Koral,imagenes/empty.jpg,227,Derecho,605,1
638,true,5/27/2023,3/20/2023,Ellsworth,Merrick,Carlota,imagenes/empty.jpg,334,Derecho,176,1
639,true,5/11/2023,1/8/2024,Chicky,Orson,Flori,imagenes/empty.jpg,372,Sistemas,588,1
640,true,6/2/2023,9/16/2023,Norma,Ganny,Julita,imagenes/empty.jpg,23,Sistemas,834,1
641,true,6/13/2023,7/23/2023,Nevile,Mikel,Ashely,imagenes/empty.jpg,215,Administración,230,1
642,true,1/23/2023,1/25/2023,Rochella,Kennith,Jazmin,imagenes/empty.jpg,18,Administración,18,1
643,true,7/8/2023,11/7/2023,Abigale,Gery,Kayley,imagenes/empty.jpg,133,Contabilidad,901,1
644,false,12/18/2023,2/1/2023,Monique,Derick,Corabelle,imagenes/empty.jpg,2,Administración,945,1
645,false,2/17/2023,4/4/2023,Nadeen,Ritchie,Dyana,imagenes/empty.jpg,308,Derecho,822,1
646,true,6/21/2023,11/28/2023,Golda,Amby,Sioux,imagenes/empty.jpg,916,Derecho,160,1
647,false,1/19/2023,1/5/2024,Torrin,Lazarus,Danyelle,imagenes/empty.jpg,367,Derecho,569,1
648,false,12/17/2023,11/9/2023,Dorella,Antons,Valene,imagenes/empty.jpg,953,Derecho,401,1
649,true,2/25/2023,11/20/2023,Joye,Armin,Torie,imagenes/empty.jpg,878,Contabilidad,514,1
650,false,9/26/2023,7/22/2023,Bobbette,Hazel,Aurore,imagenes/empty.jpg,518,Derecho,194,1
651,true,7/19/2023,12/8/2023,Beau,Raffaello,Mina,imagenes/empty.jpg,662,Sistemas,356,1
652,true,1/26/2023,10/27/2023,Maynard,Ruby,Jobina,imagenes/empty.jpg,920,Contabilidad,932,1
653,true,3/27/2023,9/8/2023,Edithe,Avery,Lisetta,imagenes/empty.jpg,17,Sistemas,599,1
654,false,9/27/2023,7/9/2023,Lionello,Marcellus,Adore,imagenes/empty.jpg,856,Administración,285,1
655,true,5/13/2023,3/10/2023,Tresa,Seward,Linnea,imagenes/empty.jpg,989,Sistemas,110,1
656,true,10/19/2023,1/13/2024,Giustina,Simone,Rosalinde,imagenes/empty.jpg,612,Administración,380,1
657,false,9/29/2023,10/5/2023,Modesty,Chad,Lillian,imagenes/empty.jpg,910,Sistemas,665,1
658,true,7/6/2023,1/3/2024,Johannes,Alair,Catina,imagenes/empty.jpg,308,Administración,222,1
659,true,7/18/2023,11/12/2023,Minda,Dougie,Roxy,imagenes/empty.jpg,148,Sistemas,154,1
660,false,2/28/2023,3/9/2023,Gregory,Fabiano,Twyla,imagenes/empty.jpg,184,Contabilidad,410,1
661,false,11/15/2023,2/22/2023,Tasha,Yorke,Chloe,imagenes/empty.jpg,339,Contabilidad,193,1
662,false,5/31/2023,12/10/2023,Naoma,Donnie,Lettie,imagenes/empty.jpg,396,Contabilidad,415,1
663,false,10/17/2023,12/20/2023,Jean,Bruce,Yasmin,imagenes/empty.jpg,763,Sistemas,763,1
664,false,10/12/2023,11/4/2023,Danit,Franklin,Bellina,imagenes/empty.jpg,602,Derecho,393,1
665,true,3/1/2023,4/6/2023,Napoleon,Raviv,Beverlie,imagenes/empty.jpg,405,Contabilidad,430,1
666,true,10/5/2023,2/2/2023,Travers,Vincents,Candi,imagenes/empty.jpg,490,Administración,867,1
667,false,11/15/2023,9/29/2023,Zuzana,Jessie,Karel,imagenes/empty.jpg,292,Derecho,546,1
668,false,11/24/2023,7/22/2023,Isak,Bertrando,Adelle,imagenes/empty.jpg,680,Derecho,284,1
669,true,7/9/2023,7/31/2023,Bonnee,Stephanus,Rhea,imagenes/empty.jpg,356,Derecho,110,1
670,true,10/7/2023,1/18/2023,Sean,Antonius,Franky,imagenes/empty.jpg,205,Derecho,447,1
671,false,10/4/2023,6/14/2023,Tiffani,Jordon,Happy,imagenes/empty.jpg,348,Derecho,409,1
672,false,2/4/2023,11/30/2023,Ana,Warren,Pen,imagenes/empty.jpg,83,Derecho,959,1
673,false,9/7/2023,8/14/2023,Barbara,Courtnay,Ashlee,imagenes/empty.jpg,22,Sistemas,189,1
674,true,4/12/2023,4/10/2023,Jillayne,Thomas,Olva,imagenes/empty.jpg,94,Derecho,402,1
675,false,2/8/2023,6/27/2023,Binky,Phil,Emeline,imagenes/empty.jpg,782,Derecho,439,1
676,true,7/4/2023,10/13/2023,Thorny,Bartholemy,Kate,imagenes/empty.jpg,485,Contabilidad,792,1
677,false,9/27/2023,4/19/2023,Liv,Wendall,Bobette,imagenes/empty.jpg,131,Derecho,24,1
678,false,11/23/2023,3/28/2023,Mikey,Ford,Orelle,imagenes/empty.jpg,652,Derecho,867,1
679,false,6/9/2023,8/2/2023,Salli,Connor,Saudra,imagenes/empty.jpg,734,Contabilidad,637,1
680,false,1/4/2024,3/1/2023,Petunia,Byrle,Dode,imagenes/empty.jpg,721,Sistemas,541,1
681,true,7/1/2023,1/15/2024,Linda,Goober,Charisse,imagenes/empty.jpg,975,Sistemas,143,1
682,false,11/13/2023,5/27/2023,Cyrille,Ramsay,Darleen,imagenes/empty.jpg,948,Sistemas,934,1
683,false,1/21/2023,7/28/2023,Kaycee,Osbourne,Farrah,imagenes/empty.jpg,731,Administración,536,1
684,false,1/4/2024,4/23/2023,Benoite,Gardner,Amii,imagenes/empty.jpg,799,Sistemas,672,1
685,true,1/27/2023,3/11/2023,Mickie,Jeremy,Glenda,imagenes/empty.jpg,988,Derecho,377,1
686,true,3/16/2023,8/16/2023,Emmy,Theodor,Berenice,imagenes/empty.jpg,805,Administración,536,1
687,false,2/21/2023,8/30/2023,Lemmie,Berton,Pierrette,imagenes/empty.jpg,894,Administración,73,1
688,false,8/10/2023,10/30/2023,Tate,Jamal,Rozella,imagenes/empty.jpg,593,Derecho,571,1
689,false,6/23/2023,3/19/2023,Marcelia,Craggie,Lurleen,imagenes/empty.jpg,197,Sistemas,628,1
690,false,6/6/2023,12/7/2023,Dionisio,Hirsch,Angel,imagenes/empty.jpg,739,Sistemas,163,1
691,false,9/5/2023,1/19/2023,Percy,Trenton,Jenni,imagenes/empty.jpg,26,Sistemas,114,1
692,true,5/24/2023,8/12/2023,Paulie,Alfonso,Berthe,imagenes/empty.jpg,128,Derecho,429,1
693,false,1/6/2024,9/17/2023,Ninette,Shannan,Kaila,imagenes/empty.jpg,774,Contabilidad,949,1
694,false,8/28/2023,1/27/2023,Shayne,Cchaddie,Tobe,imagenes/empty.jpg,854,Derecho,125,1
695,true,3/22/2023,10/5/2023,Ryon,Clevey,Lurlene,imagenes/empty.jpg,179,Administración,826,1
696,true,12/23/2023,5/14/2023,Kalle,Preston,Justine,imagenes/empty.jpg,795,Sistemas,637,1
697,false,12/24/2023,2/7/2023,Caroljean,Victor,Adrea,imagenes/empty.jpg,346,Administración,867,1
698,true,6/3/2023,2/22/2023,Stepha,Lion,Sheila-kathryn,imagenes/empty.jpg,221,Sistemas,731,1
699,false,9/15/2023,3/14/2023,Ana,Kimbell,Sibbie,imagenes/empty.jpg,740,Sistemas,423,1
700,false,5/31/2023,5/12/2023,Jeanie,Marshal,Cicely,imagenes/empty.jpg,762,Administración,609,1
701,true,7/8/2023,2/13/2023,Daisy,Osbourne,Bianka,imagenes/empty.jpg,820,Contabilidad,834,1
702,false,12/5/2023,1/7/2024,Gabrielle,Fabio,Petronia,imagenes/empty.jpg,118,Sistemas,320,1
703,true,10/11/2023,11/25/2023,Cherrita,Leroy,Aloysia,imagenes/empty.jpg,769,Sistemas,637,1
704,true,3/19/2023,12/12/2023,Rhianon,Lenci,Jacklyn,imagenes/empty.jpg,739,Contabilidad,984,1
705,false,7/2/2023,2/7/2023,Ulises,Aldwin,Taryn,imagenes/empty.jpg,297,Sistemas,651,1
706,false,12/16/2023,7/25/2023,Robers,Rutledge,Adria,imagenes/empty.jpg,916,Administración,152,1
707,true,4/13/2023,6/7/2023,Mattie,Robert,Em,imagenes/empty.jpg,39,Contabilidad,471,1
708,true,1/24/2023,7/28/2023,Brandie,Quinn,Jean,imagenes/empty.jpg,913,Derecho,599,1
709,false,5/23/2023,6/2/2023,Izabel,Kelbee,Giuditta,imagenes/empty.jpg,323,Derecho,121,1
710,false,9/3/2023,10/14/2023,Candie,Karim,Della,imagenes/empty.jpg,212,Sistemas,810,1
711,false,9/22/2023,1/2/2024,Salem,Galvan,Georgianna,imagenes/empty.jpg,130,Derecho,856,1
712,false,4/26/2023,8/19/2023,Lisetta,Benjamin,Malina,imagenes/empty.jpg,614,Sistemas,459,1
713,true,5/25/2023,1/16/2023,Baxter,Cliff,Alfi,imagenes/empty.jpg,767,Administración,802,1
714,false,2/18/2023,5/13/2023,Wheeler,Leonid,Margy,imagenes/empty.jpg,357,Contabilidad,122,1
715,false,9/17/2023,8/9/2023,Jerrilee,Vaughn,Novelia,imagenes/empty.jpg,737,Contabilidad,33,1
716,true,8/14/2023,2/9/2023,Dionne,Bax,Vilhelmina,imagenes/empty.jpg,572,Sistemas,528,1
717,false,2/10/2023,10/24/2023,Charita,Durante,Krystle,imagenes/empty.jpg,801,Sistemas,545,1
718,true,8/24/2023,11/8/2023,Eda,Ripley,Carmelina,imagenes/empty.jpg,270,Derecho,830,1
719,false,9/14/2023,12/10/2023,Corella,Obed,Lurleen,imagenes/empty.jpg,556,Derecho,273,1
720,true,7/18/2023,2/22/2023,Francoise,Markus,Chloris,imagenes/empty.jpg,794,Sistemas,307,1
721,false,1/27/2023,11/28/2023,Dorie,Bradly,Klarrisa,imagenes/empty.jpg,837,Administración,358,1
722,true,5/14/2023,8/29/2023,Elisha,Timofei,Damita,imagenes/empty.jpg,282,Administración,286,1
723,true,2/13/2023,3/6/2023,Travus,Pierre,Fleurette,imagenes/empty.jpg,972,Derecho,71,1
724,false,7/21/2023,12/30/2023,Paige,Micheil,Lauri,imagenes/empty.jpg,488,Administración,279,1
725,true,3/14/2023,5/25/2023,Gerick,Bourke,Rodina,imagenes/empty.jpg,379,Sistemas,561,1
726,true,10/29/2023,5/31/2023,Jimmie,Griffith,Caressa,imagenes/empty.jpg,465,Contabilidad,745,1
727,false,12/18/2023,3/21/2023,Mike,Berty,Cissiee,imagenes/empty.jpg,130,Administración,212,1
728,true,4/14/2023,5/7/2023,Kayley,Rey,Charline,imagenes/empty.jpg,453,Contabilidad,670,1
729,true,5/3/2023,4/29/2023,Tabbatha,Spence,Ernaline,imagenes/empty.jpg,276,Sistemas,292,1
730,false,1/13/2024,1/8/2024,Kennith,Anthony,Joyan,imagenes/empty.jpg,355,Administración,183,1
731,false,1/6/2024,8/6/2023,Wilona,Alexio,Rachel,imagenes/empty.jpg,205,Sistemas,421,1
732,true,1/3/2024,5/28/2023,Luce,Care,Waneta,imagenes/empty.jpg,983,Derecho,524,1
733,false,2/1/2023,7/16/2023,Florida,Elden,Daveen,imagenes/empty.jpg,736,Sistemas,513,1
734,true,8/4/2023,11/30/2023,Evvie,Jay,Lavinia,imagenes/empty.jpg,201,Sistemas,106,1
735,true,8/16/2023,5/8/2023,Annadiane,Chen,Helli,imagenes/empty.jpg,238,Administración,877,1
736,true,9/3/2023,10/12/2023,Arlie,Minor,Tessie,imagenes/empty.jpg,986,Derecho,154,1
737,false,11/18/2023,8/29/2023,Brian,Corby,Nerty,imagenes/empty.jpg,2,Administración,29,1
738,true,6/16/2023,11/29/2023,Pascal,Caldwell,Sibylla,imagenes/empty.jpg,76,Contabilidad,45,1
739,false,9/26/2023,2/15/2023,Tedda,Moritz,Odilia,imagenes/empty.jpg,522,Administración,211,1
740,false,7/30/2023,10/22/2023,Jeniffer,Guillermo,Iolande,imagenes/empty.jpg,823,Contabilidad,347,1
741,false,12/6/2023,6/8/2023,Vick,Grannie,Ulrika,imagenes/empty.jpg,630,Contabilidad,9,1
742,false,6/1/2023,2/25/2023,Minette,Arvin,Laverne,imagenes/empty.jpg,412,Administración,822,1
743,true,7/19/2023,7/6/2023,Fey,Grady,Yetta,imagenes/empty.jpg,307,Administración,823,1
744,false,8/25/2023,1/29/2023,Eddie,Reider,Melinde,imagenes/empty.jpg,705,Administración,307,1
745,true,9/13/2023,11/1/2023,Imelda,Alisander,Hilda,imagenes/empty.jpg,937,Sistemas,287,1
746,false,11/23/2023,3/15/2023,Odilia,Durand,Bobbi,imagenes/empty.jpg,927,Contabilidad,207,1
747,false,11/12/2023,7/29/2023,Gertie,Iggy,Carlynn,imagenes/empty.jpg,74,Contabilidad,637,1
748,true,3/30/2023,3/31/2023,Arda,Halsy,Kayley,imagenes/empty.jpg,266,Derecho,227,1
749,false,5/21/2023,7/15/2023,Gena,Lester,Beckie,imagenes/empty.jpg,321,Administración,592,1
750,false,7/22/2023,5/2/2023,Marvin,Benjamin,Christiane,imagenes/empty.jpg,4,Administración,439,1
751,false,9/24/2023,11/13/2023,Bria,Jessey,Philippine,imagenes/empty.jpg,509,Sistemas,639,1
752,true,3/20/2023,8/17/2023,Tyne,Bing,Odessa,imagenes/empty.jpg,505,Contabilidad,35,1
753,false,4/17/2023,4/21/2023,Corinne,Matias,Merrielle,imagenes/empty.jpg,691,Derecho,858,1
754,true,6/17/2023,2/4/2023,Amalia,Jarad,Bobby,imagenes/empty.jpg,525,Contabilidad,639,1
755,true,1/12/2024,8/5/2023,Lenci,Thorny,Agace,imagenes/empty.jpg,40,Sistemas,739,1
756,false,8/30/2023,7/27/2023,Rockey,Howard,Leesa,imagenes/empty.jpg,395,Sistemas,311,1
757,true,10/19/2023,9/30/2023,Lesly,Vance,Costanza,imagenes/empty.jpg,519,Administración,494,1
758,true,1/30/2023,4/1/2023,Nellie,Roth,Harley,imagenes/empty.jpg,656,Derecho,209,1
759,false,6/1/2023,8/1/2023,Sherline,Guillaume,Marge,imagenes/empty.jpg,819,Derecho,609,1
760,false,9/4/2023,3/2/2023,Menard,Ramsey,Lily,imagenes/empty.jpg,36,Administración,687,1
761,false,2/15/2023,5/15/2023,Ilse,Worthington,Shaylyn,imagenes/empty.jpg,348,Sistemas,785,1
762,true,1/1/2024,5/13/2023,Kissie,Clementius,Stefania,imagenes/empty.jpg,631,Contabilidad,564,1
763,false,7/19/2023,9/27/2023,Mariska,Gery,Kip,imagenes/empty.jpg,604,Derecho,934,1
764,false,10/6/2023,12/24/2023,Meyer,Andie,Albina,imagenes/empty.jpg,497,Sistemas,929,1
765,false,8/15/2023,3/5/2023,Cinda,Sibyl,Kevyn,imagenes/empty.jpg,829,Derecho,746,1
766,false,3/8/2023,8/4/2023,Nero,Richmound,Anthe,imagenes/empty.jpg,404,Derecho,478,1
767,true,9/18/2023,10/25/2023,Kristien,Gale,Giorgia,imagenes/empty.jpg,9,Contabilidad,158,1
768,true,11/6/2023,2/17/2023,Shepard,Wade,Lesli,imagenes/empty.jpg,298,Derecho,425,1
769,false,1/26/2023,9/29/2023,Ambros,Patrick,Eimile,imagenes/empty.jpg,690,Administración,274,1
770,true,5/28/2023,10/1/2023,Karrah,Claudian,Dorelia,imagenes/empty.jpg,149,Contabilidad,674,1
771,true,8/28/2023,1/24/2023,Nestor,Koenraad,Cherin,imagenes/empty.jpg,496,Administración,25,1
772,true,10/7/2023,10/26/2023,Vinnie,Forester,Revkah,imagenes/empty.jpg,931,Contabilidad,192,1
773,false,8/20/2023,12/24/2023,Agnes,Cris,Berthe,imagenes/empty.jpg,433,Sistemas,544,1
774,false,2/27/2023,4/13/2023,Brett,Gordy,Lucia,imagenes/empty.jpg,166,Sistemas,158,1
775,true,4/2/2023,1/31/2023,Jefferson,Hilario,Wilhelmina,imagenes/empty.jpg,66,Sistemas,975,1
776,false,4/27/2023,11/9/2023,Beale,Jarrid,Melanie,imagenes/empty.jpg,239,Derecho,939,1
777,true,8/9/2023,3/1/2023,Paton,Lincoln,Janice,imagenes/empty.jpg,559,Sistemas,367,1
778,false,5/29/2023,5/16/2023,Holly-anne,Lenard,Haley,imagenes/empty.jpg,361,Administración,294,1
779,true,8/11/2023,11/18/2023,Ursala,Baron,Cyndie,imagenes/empty.jpg,257,Sistemas,308,1
780,false,9/9/2023,1/4/2024,Gabbie,Maxwell,Honor,imagenes/empty.jpg,121,Derecho,795,1
781,true,12/28/2023,11/30/2023,Darcie,Yvor,Ola,imagenes/empty.jpg,477,Derecho,409,1
782,true,12/11/2023,5/25/2023,Alane,Hart,Yevette,imagenes/empty.jpg,499,Administración,536,1
783,false,4/3/2023,6/13/2023,Chester,Quinlan,Layla,imagenes/empty.jpg,326,Sistemas,181,1
784,true,4/30/2023,10/3/2023,Kipp,Jethro,Berti,imagenes/empty.jpg,3,Derecho,133,1
785,true,4/12/2023,2/17/2023,Mark,Mohandis,Carina,imagenes/empty.jpg,901,Derecho,895,1
786,true,6/7/2023,8/26/2023,Christian,Mortimer,Nelly,imagenes/empty.jpg,452,Derecho,728,1
787,true,5/6/2023,8/1/2023,Lea,Holt,Alessandra,imagenes/empty.jpg,665,Derecho,743,1
788,true,6/15/2023,8/9/2023,Rowen,Ben,Christyna,imagenes/empty.jpg,538,Derecho,338,1
789,false,4/17/2023,2/20/2023,Munmro,Earl,Waneta,imagenes/empty.jpg,305,Administración,152,1
790,true,12/31/2023,10/26/2023,Juanita,Konrad,Daisey,imagenes/empty.jpg,763,Contabilidad,640,1
791,false,7/21/2023,12/9/2023,Massimiliano,Chip,Emlynne,imagenes/empty.jpg,267,Contabilidad,681,1
792,false,3/9/2023,7/2/2023,Kathye,Kevin,Ericka,imagenes/empty.jpg,624,Sistemas,839,1
793,false,9/1/2023,10/6/2023,Merle,Cliff,Lilia,imagenes/empty.jpg,278,Derecho,777,1
794,false,11/10/2023,9/29/2023,Ebony,Dane,Jorie,imagenes/empty.jpg,443,Derecho,496,1
795,true,1/15/2024,6/11/2023,Feodora,Sammie,Pierette,imagenes/empty.jpg,732,Derecho,290,1
796,true,6/18/2023,11/12/2023,Had,Parnell,Lorita,imagenes/empty.jpg,137,Sistemas,417,1
797,true,10/18/2023,5/11/2023,Sashenka,Allie,Averyl,imagenes/empty.jpg,626,Administración,714,1
798,true,10/23/2023,4/28/2023,Randene,Jerad,Nat,imagenes/empty.jpg,615,Derecho,764,1
799,false,2/20/2023,3/9/2023,Carmela,Gerry,Vivia,imagenes/empty.jpg,541,Contabilidad,869,1
800,false,12/29/2023,3/6/2023,Juliet,Giacopo,Barry,imagenes/empty.jpg,775,Contabilidad,352,1
801,true,6/8/2023,5/28/2023,Loutitia,Iago,Lanni,imagenes/empty.jpg,79,Sistemas,538,1
802,true,7/21/2023,12/12/2023,Margery,Amby,Federica,imagenes/empty.jpg,465,Administración,610,1
803,false,2/15/2023,9/13/2023,Berta,Rafferty,Vittoria,imagenes/empty.jpg,367,Administración,115,1
804,false,6/3/2023,3/3/2023,Bear,Sawyer,Adriena,imagenes/empty.jpg,170,Contabilidad,712,1
805,false,12/24/2023,11/15/2023,Davidson,Roscoe,Aarika,imagenes/empty.jpg,862,Contabilidad,843,1
806,true,6/18/2023,6/29/2023,Gus,Jan,Liane,imagenes/empty.jpg,456,Administración,420,1
807,false,9/12/2023,7/13/2023,Geri,Hazel,Beatrisa,imagenes/empty.jpg,76,Derecho,469,1
808,false,12/17/2023,8/18/2023,Linus,Jarvis,Ivie,imagenes/empty.jpg,643,Administración,92,1
809,true,12/18/2023,6/3/2023,Carree,Byrle,Sophia,imagenes/empty.jpg,911,Contabilidad,678,1
810,true,3/19/2023,9/22/2023,Joelle,Neville,Rory,imagenes/empty.jpg,936,Contabilidad,282,1
811,false,11/28/2023,1/21/2023,Jarvis,Mack,Lynett,imagenes/empty.jpg,855,Sistemas,831,1
812,true,2/2/2023,5/29/2023,Bordie,Abner,Allis,imagenes/empty.jpg,55,Administración,457,1
813,true,1/31/2023,1/18/2023,Janela,Damon,Kikelia,imagenes/empty.jpg,969,Sistemas,1000,1
814,true,10/9/2023,12/22/2023,Meredithe,Wally,Alvera,imagenes/empty.jpg,658,Derecho,918,1
815,true,3/18/2023,3/13/2023,Clareta,Miner,Jaclyn,imagenes/empty.jpg,506,Derecho,804,1
816,true,7/27/2023,3/25/2023,Kristoffer,Antone,Gabriela,imagenes/empty.jpg,822,Administración,335,1
817,true,7/5/2023,10/6/2023,Adella,Trevar,Doreen,imagenes/empty.jpg,848,Sistemas,166,1
818,true,1/31/2023,10/1/2023,Ingram,Randy,Irene,imagenes/empty.jpg,566,Administración,375,1
819,false,2/4/2023,1/1/2024,Goraud,Brien,Sabine,imagenes/empty.jpg,753,Contabilidad,508,1
820,true,7/15/2023,8/1/2023,Vonny,Colby,Yetty,imagenes/empty.jpg,635,Derecho,728,1
821,false,3/21/2023,7/15/2023,Gabey,Ryon,Madelina,imagenes/empty.jpg,432,Administración,815,1
822,true,6/30/2023,3/12/2023,Jayme,Janos,Mamie,imagenes/empty.jpg,745,Administración,695,1
823,false,7/13/2023,3/19/2023,Ola,Stuart,Faustine,imagenes/empty.jpg,800,Derecho,182,1
824,true,8/30/2023,9/17/2023,Kelila,Marve,Nathalie,imagenes/empty.jpg,445,Administración,400,1
825,false,1/2/2024,8/24/2023,Cathrin,Christian,Ainsley,imagenes/empty.jpg,653,Sistemas,77,1
826,true,2/13/2023,3/11/2023,Hadria,Burk,Malinda,imagenes/empty.jpg,330,Contabilidad,392,1
827,true,7/29/2023,12/16/2023,Wolfie,Rouvin,Denyse,imagenes/empty.jpg,557,Derecho,545,1
828,true,1/24/2023,4/23/2023,Bryant,Conan,Erina,imagenes/empty.jpg,721,Derecho,183,1
829,false,1/17/2023,4/7/2023,Milo,Lanny,Marybelle,imagenes/empty.jpg,463,Derecho,903,1
830,true,6/13/2023,4/3/2023,Harlie,Matty,Consuela,imagenes/empty.jpg,118,Sistemas,664,1
831,true,4/9/2023,10/16/2023,Hendrika,Currey,Oliy,imagenes/empty.jpg,522,Administración,6,1
832,true,7/12/2023,2/16/2023,Yoko,Ed,Shirley,imagenes/empty.jpg,641,Administración,410,1
833,false,10/4/2023,4/17/2023,Tabb,Hewitt,Hedvige,imagenes/empty.jpg,445,Sistemas,623,1
834,true,1/19/2023,1/12/2024,Maia,Richard,Lark,imagenes/empty.jpg,908,Derecho,52,1
835,true,5/10/2023,11/10/2023,Maiga,Verney,Kellie,imagenes/empty.jpg,513,Administración,365,1
836,false,8/18/2023,4/27/2023,Esra,Sandro,Merralee,imagenes/empty.jpg,670,Derecho,395,1
837,true,3/11/2023,2/4/2023,Raf,Thain,Georgianna,imagenes/empty.jpg,740,Sistemas,936,1
838,true,1/24/2023,9/21/2023,Gallard,Elmer,Natka,imagenes/empty.jpg,959,Derecho,541,1
839,false,4/4/2023,3/22/2023,Yehudi,Welch,Renelle,imagenes/empty.jpg,966,Administración,809,1
840,false,10/1/2023,12/25/2023,Channa,Hill,Fionnula,imagenes/empty.jpg,712,Contabilidad,796,1
841,true,5/7/2023,3/19/2023,Udell,Sutherland,Faina,imagenes/empty.jpg,482,Derecho,603,1
842,true,8/29/2023,3/16/2023,Annadiana,Sinclair,Georgeanne,imagenes/empty.jpg,895,Contabilidad,892,1
843,false,6/26/2023,3/31/2023,Isidore,Casper,Rafaela,imagenes/empty.jpg,900,Contabilidad,965,1
844,false,12/13/2023,11/14/2023,Bernard,Renaud,Garland,imagenes/empty.jpg,743,Administración,514,1
845,false,7/9/2023,2/2/2023,Rex,Urbano,Valry,imagenes/empty.jpg,503,Derecho,276,1
846,true,9/14/2023,9/3/2023,Engracia,Hillary,Myrta,imagenes/empty.jpg,601,Contabilidad,604,1
847,false,9/4/2023,10/30/2023,Zacharia,Walker,Brandais,imagenes/empty.jpg,447,Sistemas,280,1
848,false,5/23/2023,6/23/2023,Ximenes,Gregorius,Jeannine,imagenes/empty.jpg,324,Sistemas,841,1
849,false,3/6/2023,6/19/2023,Hanny,Pate,Julita,imagenes/empty.jpg,46,Contabilidad,6,1
850,false,2/22/2023,2/8/2023,Matthaeus,Dominick,Gretta,imagenes/empty.jpg,678,Sistemas,488,1
851,true,1/27/2023,11/17/2023,Meredeth,Baxter,Glennis,imagenes/empty.jpg,107,Sistemas,550,1
852,true,4/20/2023,4/1/2023,Isadora,Abrahan,Laryssa,imagenes/empty.jpg,737,Derecho,927,1
853,true,11/27/2023,2/15/2023,Ted,Clark,Alaine,imagenes/empty.jpg,79,Contabilidad,911,1
854,true,12/15/2023,1/28/2023,Xerxes,Kerk,Editha,imagenes/empty.jpg,119,Administración,828,1
855,false,5/6/2023,6/7/2023,Irvine,Reece,Aloysia,imagenes/empty.jpg,119,Contabilidad,819,1
856,false,8/28/2023,6/14/2023,Dre,Giselbert,Lesli,imagenes/empty.jpg,465,Contabilidad,823,1
857,false,3/30/2023,7/1/2023,Vi,Brennen,Othilie,imagenes/empty.jpg,137,Contabilidad,915,1
858,true,4/7/2023,10/6/2023,Melita,Feodor,Rea,imagenes/empty.jpg,749,Administración,70,1
859,false,3/25/2023,3/23/2023,Felita,Horatio,Ariana,imagenes/empty.jpg,359,Administración,574,1
860,true,12/25/2023,9/6/2023,Andromache,Donnell,Corry,imagenes/empty.jpg,988,Administración,717,1
861,false,11/7/2023,3/24/2023,Winne,Ephraim,Goldia,imagenes/empty.jpg,787,Administración,729,1
862,false,3/3/2023,3/11/2023,Wrennie,Keven,Nichole,imagenes/empty.jpg,407,Sistemas,421,1
863,true,3/23/2023,6/15/2023,Poul,Bary,Roxana,imagenes/empty.jpg,496,Administración,23,1
864,true,4/23/2023,7/31/2023,Desdemona,Sayer,Mareah,imagenes/empty.jpg,277,Administración,112,1
865,true,5/15/2023,10/1/2023,Philomena,Morgan,Birgit,imagenes/empty.jpg,623,Derecho,13,1
866,false,6/13/2023,8/20/2023,Yance,Konrad,Nerissa,imagenes/empty.jpg,996,Derecho,713,1
867,false,1/14/2024,12/5/2023,Tulley,Dwight,Lissy,imagenes/empty.jpg,906,Derecho,135,1
868,false,7/21/2023,5/16/2023,Marysa,Laughton,Sasha,imagenes/empty.jpg,621,Sistemas,282,1
869,false,12/31/2023,6/2/2023,Yanaton,Skell,Melisent,imagenes/empty.jpg,991,Administración,659,1
870,false,2/10/2023,1/14/2024,Joanna,Grantley,Candra,imagenes/empty.jpg,141,Contabilidad,677,1
871,true,2/6/2023,4/4/2023,Findley,Pascale,Gerty,imagenes/empty.jpg,420,Sistemas,324,1
872,false,6/12/2023,1/7/2024,Marcellina,Antonio,Abigale,imagenes/empty.jpg,249,Derecho,724,1
873,true,1/25/2023,12/1/2023,Whitby,Conant,Hyacinthie,imagenes/empty.jpg,502,Administración,99,1
874,true,7/16/2023,6/19/2023,Kayley,Rossie,Cicely,imagenes/empty.jpg,936,Sistemas,735,1
875,true,9/26/2023,4/11/2023,Leo,Alastair,Marcelle,imagenes/empty.jpg,686,Derecho,462,1
876,true,2/1/2023,12/2/2023,Roxie,Piggy,Hedwiga,imagenes/empty.jpg,702,Administración,239,1
877,false,11/16/2023,4/19/2023,Nedi,Arther,Fedora,imagenes/empty.jpg,175,Sistemas,459,1
878,true,6/8/2023,10/22/2023,Romain,Bat,Claudia,imagenes/empty.jpg,612,Derecho,830,1
879,false,4/25/2023,5/28/2023,Reilly,Diarmid,Coretta,imagenes/empty.jpg,314,Administración,482,1
880,true,9/15/2023,11/9/2023,Trace,Bartholomeus,Bab,imagenes/empty.jpg,719,Sistemas,846,1
881,true,3/6/2023,8/31/2023,Philbert,Pen,Philippine,imagenes/empty.jpg,355,Derecho,854,1
882,true,10/2/2023,4/21/2023,Clemmie,Olivero,Nalani,imagenes/empty.jpg,983,Administración,342,1
883,false,2/13/2023,9/18/2023,Harley,Kerby,Annadiane,imagenes/empty.jpg,924,Derecho,943,1
884,true,11/20/2023,10/15/2023,Ode,Arlin,Pansie,imagenes/empty.jpg,385,Derecho,623,1
885,false,6/21/2023,7/5/2023,Scotty,Herby,Judith,imagenes/empty.jpg,980,Contabilidad,656,1
886,true,2/23/2023,11/22/2023,Wilma,Gauthier,Darryl,imagenes/empty.jpg,452,Administración,810,1
887,false,11/4/2023,3/15/2023,Melinde,Worthington,Aubine,imagenes/empty.jpg,991,Sistemas,5,1
888,false,3/20/2023,11/22/2023,Lenard,Rolph,Malina,imagenes/empty.jpg,816,Contabilidad,770,1
889,false,4/9/2023,10/22/2023,Tobit,Cecil,Beverlie,imagenes/empty.jpg,628,Sistemas,161,1
890,true,12/27/2023,2/11/2023,Carroll,Buckie,Lorie,imagenes/empty.jpg,396,Derecho,354,1
891,true,5/21/2023,11/18/2023,Ursala,Kerwin,Deb,imagenes/empty.jpg,389,Sistemas,427,1
892,false,4/6/2023,1/19/2023,Dougy,Grove,Gaylene,imagenes/empty.jpg,395,Administración,477,1
893,false,1/17/2023,4/26/2023,Tarah,Bank,Crissie,imagenes/empty.jpg,50,Derecho,78,1
894,true,4/11/2023,3/18/2023,Bartholemy,Trever,Modestine,imagenes/empty.jpg,915,Derecho,735,1
895,true,5/21/2023,4/9/2023,Shelagh,Waldon,Casandra,imagenes/empty.jpg,965,Contabilidad,495,1
896,false,2/4/2023,8/10/2023,Mei,Thom,Salomi,imagenes/empty.jpg,593,Derecho,656,1
897,false,3/18/2023,7/25/2023,Quent,Pryce,Estel,imagenes/empty.jpg,983,Sistemas,508,1
898,true,6/28/2023,5/17/2023,Lyndel,Ewen,Halley,imagenes/empty.jpg,360,Derecho,222,1
899,true,9/22/2023,5/27/2023,Wilfrid,Mario,Lorita,imagenes/empty.jpg,586,Derecho,839,1
900,false,3/21/2023,5/9/2023,Percival,Mead,Cynde,imagenes/empty.jpg,778,Derecho,309,1
901,true,2/17/2023,7/18/2023,Frederick,Cam,Ddene,imagenes/empty.jpg,102,Administración,70,1
902,true,11/4/2023,12/8/2023,Cassandra,Frederick,Briney,imagenes/empty.jpg,343,Administración,636,1
903,false,1/3/2024,10/5/2023,Kacey,Rockwell,Mahala,imagenes/empty.jpg,275,Contabilidad,46,1
904,false,3/18/2023,6/28/2023,Rosella,Obadias,Meris,imagenes/empty.jpg,408,Sistemas,543,1
905,false,8/3/2023,8/27/2023,Nike,Torry,Astra,imagenes/empty.jpg,100,Sistemas,187,1
906,false,7/10/2023,4/29/2023,Emeline,Christie,Meghan,imagenes/empty.jpg,951,Derecho,380,1
907,false,5/16/2023,7/11/2023,Stanley,Moises,Eadith,imagenes/empty.jpg,485,Administración,983,1
908,true,10/18/2023,1/24/2023,Arnold,Salem,Linnet,imagenes/empty.jpg,329,Derecho,775,1
909,false,5/17/2023,8/29/2023,Edgard,Guthry,Brita,imagenes/empty.jpg,903,Administración,754,1
910,true,5/9/2023,9/25/2023,Vi,Magnum,Kathrine,imagenes/empty.jpg,296,Contabilidad,209,1
911,true,11/23/2023,2/16/2023,Manfred,Burk,Darelle,imagenes/empty.jpg,712,Sistemas,57,1
912,false,8/11/2023,4/27/2023,Codi,Darren,Dory,imagenes/empty.jpg,531,Sistemas,661,1
913,true,4/1/2023,4/28/2023,Paloma,Pattie,Rosita,imagenes/empty.jpg,869,Administración,515,1
914,false,4/11/2023,11/24/2023,Ron,Avery,Alvinia,imagenes/empty.jpg,542,Contabilidad,239,1
915,true,3/1/2023,10/3/2023,Aloysius,Ram,Sella,imagenes/empty.jpg,206,Administración,387,1
916,true,10/29/2023,7/26/2023,Nichol,Bradly,Francoise,imagenes/empty.jpg,188,Derecho,64,1
917,false,10/26/2023,6/25/2023,Charlie,Ivan,Alexina,imagenes/empty.jpg,946,Derecho,162,1
918,false,8/13/2023,8/26/2023,Corly,Gibbie,Stella,imagenes/empty.jpg,39,Sistemas,106,1
919,true,4/3/2023,12/25/2023,Adrian,Mateo,Rita,imagenes/empty.jpg,243,Derecho,799,1
920,true,12/26/2023,2/4/2023,Clare,Putnam,Jobina,imagenes/empty.jpg,510,Administración,633,1
921,false,6/14/2023,5/17/2023,Lonna,Kimbell,Kit,imagenes/empty.jpg,704,Contabilidad,952,1
922,false,1/12/2024,5/31/2023,Heriberto,Talbot,Lanae,imagenes/empty.jpg,637,Sistemas,253,1
923,true,12/2/2023,11/25/2023,Brigitta,Ryan,Lura,imagenes/empty.jpg,442,Contabilidad,996,1
924,true,5/19/2023,6/2/2023,Clemmy,Saunder,Lesli,imagenes/empty.jpg,93,Administración,653,1
925,true,4/7/2023,2/24/2023,Malanie,Linoel,Constancy,imagenes/empty.jpg,694,Contabilidad,115,1
926,false,2/23/2023,8/20/2023,Alejandro,Hamlin,Kristien,imagenes/empty.jpg,246,Derecho,895,1
927,false,7/8/2023,6/28/2023,Cary,Normand,Kailey,imagenes/empty.jpg,173,Administración,950,1
928,false,7/26/2023,3/21/2023,Syman,Ethelred,Austina,imagenes/empty.jpg,779,Contabilidad,481,1
929,true,3/20/2023,12/17/2023,Palm,Benedetto,Jean,imagenes/empty.jpg,529,Sistemas,940,1
930,true,6/2/2023,5/20/2023,Coleen,Bradly,Delilah,imagenes/empty.jpg,603,Contabilidad,526,1
931,true,10/7/2023,7/15/2023,Cherin,Chris,Zia,imagenes/empty.jpg,127,Contabilidad,879,1
932,true,6/1/2023,1/19/2023,Edvard,Gilberto,Horatia,imagenes/empty.jpg,234,Contabilidad,296,1
933,true,7/22/2023,9/11/2023,Tabor,Dimitri,Dorrie,imagenes/empty.jpg,57,Administración,391,1
934,true,3/31/2023,5/25/2023,Grenville,Rich,Arlen,imagenes/empty.jpg,494,Contabilidad,900,1
935,false,2/23/2023,3/14/2023,Millard,Currey,Kori,imagenes/empty.jpg,657,Contabilidad,600,1
936,true,4/27/2023,10/15/2023,Norbie,Maximilianus,Alexa,imagenes/empty.jpg,153,Sistemas,67,1
937,true,10/23/2023,11/26/2023,Dennie,Remington,Tersina,imagenes/empty.jpg,668,Administración,216,1
938,false,4/7/2023,1/29/2023,Riki,Abie,Leonelle,imagenes/empty.jpg,809,Contabilidad,757,1
939,true,7/29/2023,5/29/2023,Loydie,Gale,Hedvige,imagenes/empty.jpg,235,Derecho,76,1
940,false,9/6/2023,8/7/2023,Sophia,Reider,Harley,imagenes/empty.jpg,602,Derecho,741,1
941,true,3/27/2023,10/6/2023,Manuel,Frank,Calida,imagenes/empty.jpg,25,Sistemas,3,1
942,false,10/11/2023,11/11/2023,Mead,Cary,Margette,imagenes/empty.jpg,680,Derecho,85,1
943,true,7/4/2023,8/20/2023,Bank,Abe,Jeri,imagenes/empty.jpg,602,Derecho,499,1
944,false,6/10/2023,11/12/2023,Tedda,Vlad,Ginnie,imagenes/empty.jpg,131,Derecho,817,1
945,true,2/14/2023,8/31/2023,Stafford,Carlos,Veronica,imagenes/empty.jpg,914,Derecho,458,1
946,false,12/6/2023,11/1/2023,Natalina,Neville,Arlyne,imagenes/empty.jpg,706,Administración,831,1
947,false,7/18/2023,7/18/2023,Corabel,Foster,Kassey,imagenes/empty.jpg,108,Derecho,298,1
948,true,2/25/2023,6/29/2023,Jan,Georgy,Genni,imagenes/empty.jpg,942,Contabilidad,835,1
949,false,1/12/2024,7/19/2023,Onida,Jerrome,Merilyn,imagenes/empty.jpg,377,Sistemas,633,1
950,false,9/17/2023,11/7/2023,Muriel,Guillaume,Chiquita,imagenes/empty.jpg,161,Contabilidad,312,1
951,true,3/12/2023,11/13/2023,Bastian,Earle,Dyana,imagenes/empty.jpg,603,Administración,590,1
952,false,8/29/2023,5/16/2023,George,Murray,Doralynne,imagenes/empty.jpg,381,Sistemas,359,1
953,true,11/11/2023,12/11/2023,Meryl,Adrien,Malinde,imagenes/empty.jpg,508,Sistemas,332,1
954,false,10/1/2023,1/5/2024,Giorgio,Ragnar,Kristine,imagenes/empty.jpg,945,Derecho,665,1
955,true,8/16/2023,12/13/2023,Bunnie,Hardy,Carlita,imagenes/empty.jpg,184,Derecho,134,1
956,true,7/14/2023,1/14/2024,Augustus,Burlie,Elora,imagenes/empty.jpg,422,Derecho,813,1
957,true,6/21/2023,3/15/2023,Cathlene,Siward,Timmi,imagenes/empty.jpg,983,Derecho,503,1
958,false,12/31/2023,1/27/2023,Cherrita,Boone,Nananne,imagenes/empty.jpg,879,Contabilidad,819,1
959,false,9/22/2023,11/4/2023,Drake,Brander,Beatrisa,imagenes/empty.jpg,959,Administración,624,1
960,false,8/30/2023,7/25/2023,Brand,Frederik,Evangeline,imagenes/empty.jpg,129,Administración,666,1
961,false,4/23/2023,9/16/2023,Lexine,Jeff,Winnifred,imagenes/empty.jpg,696,Sistemas,352,1
962,true,8/10/2023,6/14/2023,Laurel,Frazer,Collie,imagenes/empty.jpg,135,Administración,791,1
963,false,5/6/2023,9/14/2023,Adorne,Nickey,Gabbie,imagenes/empty.jpg,235,Sistemas,898,1
964,true,1/11/2024,3/10/2023,Brig,Kirby,Melosa,imagenes/empty.jpg,708,Contabilidad,372,1
965,false,8/23/2023,9/6/2023,Meara,Burl,Blanch,imagenes/empty.jpg,781,Sistemas,364,1
966,true,1/10/2024,8/19/2023,Rozanna,Garfield,Gabbi,imagenes/empty.jpg,384,Sistemas,368,1
967,true,9/27/2023,8/7/2023,Karine,Valentino,Anatola,imagenes/empty.jpg,995,Derecho,8,1
968,true,7/8/2023,6/21/2023,Hilario,Alexander,Ezmeralda,imagenes/empty.jpg,544,Derecho,233,1
969,false,5/24/2023,7/26/2023,Constance,Care,Lacey,imagenes/empty.jpg,594,Derecho,482,1
970,true,3/13/2023,6/24/2023,Hoyt,Mahmud,Frannie,imagenes/empty.jpg,665,Sistemas,896,1
971,true,7/27/2023,2/14/2023,Gaby,Burton,Leyla,imagenes/empty.jpg,247,Administración,684,1
972,false,5/18/2023,7/1/2023,Andeee,Janek,Jacklin,imagenes/empty.jpg,669,Contabilidad,337,1
973,true,7/8/2023,6/12/2023,Viviene,Waring,Dyna,imagenes/empty.jpg,393,Derecho,310,1
974,true,6/24/2023,11/24/2023,Derward,Abram,Neely,imagenes/empty.jpg,396,Administración,504,1
975,false,7/5/2023,12/15/2023,Neale,Marius,Cosette,imagenes/empty.jpg,473,Sistemas,58,1
976,false,12/30/2023,4/24/2023,Andrea,Massimo,Abbi,imagenes/empty.jpg,901,Administración,335,1
977,true,1/14/2024,7/14/2023,Kaylee,Derick,Oralle,imagenes/empty.jpg,864,Sistemas,300,1
978,true,7/9/2023,2/23/2023,Mathilde,Judas,Nanette,imagenes/empty.jpg,821,Derecho,534,1
979,false,12/26/2023,5/25/2023,Salomon,Hank,Junia,imagenes/empty.jpg,849,Derecho,898,1
980,true,5/22/2023,10/30/2023,Christie,Stanley,Joanna,imagenes/empty.jpg,927,Administración,903,1
981,false,8/11/2023,3/1/2023,Kori,Pablo,Sheryl,imagenes/empty.jpg,428,Contabilidad,449,1
982,false,9/2/2023,10/31/2023,Vera,Clyve,Basia,imagenes/empty.jpg,430,Contabilidad,830,1
983,false,3/10/2023,12/13/2023,Raynard,Giordano,Tarah,imagenes/empty.jpg,460,Administración,987,1
984,true,2/22/2023,7/15/2023,Mag,Lester,Christyna,imagenes/empty.jpg,157,Derecho,572,1
985,true,8/30/2023,10/14/2023,Rick,Burl,Romona,imagenes/empty.jpg,363,Derecho,523,1
986,true,10/20/2023,6/26/2023,Kenny,Eugenio,Cassey,imagenes/empty.jpg,903,Derecho,738,1
987,true,7/20/2023,6/28/2023,Madel,West,Jerrine,imagenes/empty.jpg,633,Derecho,134,1
988,false,11/14/2023,10/23/2023,Zebadiah,Eli,Tiffanie,imagenes/empty.jpg,264,Administración,364,1
989,true,10/14/2023,4/17/2023,Blancha,Warner,Kaye,imagenes/empty.jpg,556,Contabilidad,983,1
990,false,1/24/2023,5/27/2023,Laughton,Maximilianus,Edi,imagenes/empty.jpg,527,Administración,57,1
991,false,6/23/2023,1/20/2023,Gardy,Clint,Angel,imagenes/empty.jpg,710,Contabilidad,375,1
992,true,10/3/2023,6/18/2023,Gardiner,Curry,Melany,imagenes/empty.jpg,703,Administración,703,1
993,true,9/24/2023,10/23/2023,Britteny,Terri,Sharlene,imagenes/empty.jpg,820,Contabilidad,319,1
994,true,8/29/2023,12/15/2023,Aharon,Baird,Gaylene,imagenes/empty.jpg,701,Administración,453,1
995,true,4/19/2023,4/24/2023,Bancroft,Thorsten,Roanna,imagenes/empty.jpg,382,Sistemas,944,1
996,true,1/12/2024,10/17/2023,Francyne,Darnall,Clarie,imagenes/empty.jpg,854,Sistemas,120,1
997,true,3/12/2023,1/20/2023,Johnathon,Vincenty,Cinnamon,imagenes/empty.jpg,218,Administración,588,1
998,true,6/19/2023,11/16/2023,Anatola,Manfred,Melony,imagenes/empty.jpg,580,Contabilidad,677,1
999,true,5/27/2023,8/18/2023,Dido,Shell,Cecilla,imagenes/empty.jpg,985,Contabilidad,656,1
1000,true,7/7/2023,6/24/2023,Sukey,Tadio,Sonia,imagenes/empty.jpg,578,Sistemas,457,1
